country,city,year,avg_temp,GZ_10_yr_moving_temp,global_10_yr_moving_temp
China,Guangzhou,1840,20.98,,
China,Guangzhou,1841,21.02,,
China,Guangzhou,1842,21.16,,
China,Guangzhou,1843,21.25,,
China,Guangzhou,1844,20.86,,
China,Guangzhou,1845,20.84,,
China,Guangzhou,1846,21.46,,
China,Guangzhou,1847,21.07,,
China,Guangzhou,1848,20.75,,
China,Guangzhou,1849,21.03,21.042,7.978
China,Guangzhou,1850,21.21,21.065,7.988
China,Guangzhou,1851,21.33,21.096,8.037
China,Guangzhou,1852,21.28,21.108,8.045
China,Guangzhou,1853,21.78,21.161,8.032
China,Guangzhou,1854,21.64,21.239,8.088
China,Guangzhou,1855,21.09,21.264,8.114
China,Guangzhou,1856,20.6,21.178,8.059
China,Guangzhou,1857,21.12,21.183,8.026
China,Guangzhou,1858,21.05,21.213,8.038
China,Guangzhou,1859,21.28,21.238,8.065
China,Guangzhou,1860,21.28,21.245,8.071
China,Guangzhou,1861,21.02,21.214,8.038
China,Guangzhou,1862,20.4,21.126,7.984
China,Guangzhou,1863,20.88,21.036,7.991
China,Guangzhou,1864,20.74,20.946,7.968
China,Guangzhou,1865,21.65,21.002,7.975
China,Guangzhou,1866,21.27,21.069,8.004
China,Guangzhou,1867,21.57,21.114,8.072
China,Guangzhou,1868,21.79,21.188,8.087
China,Guangzhou,1869,21.53,21.213,8.105
China,Guangzhou,1870,21.73,21.258,8.129
China,Guangzhou,1871,21.52,21.308,8.156
China,Guangzhou,1872,21.68,21.436,8.219
China,Guangzhou,1873,21.28,21.476,8.243
China,Guangzhou,1874,21.56,21.558,8.288
China,Guangzhou,1875,21.47,21.54,8.256
China,Guangzhou,1876,20.97,21.51,8.235
China,Guangzhou,1877,21.49,21.502,8.245
China,Guangzhou,1878,21.58,21.481,8.303
China,Guangzhou,1879,21.66,21.494,8.277
China,Guangzhou,1880,20.87,21.408,8.269
China,Guangzhou,1881,21.25,21.381,8.284
China,Guangzhou,1882,21.11,21.324,8.278
China,Guangzhou,1883,20.77,21.273,8.241
China,Guangzhou,1884,20.41,21.158,8.175
China,Guangzhou,1885,20.67,21.078,8.181
China,Guangzhou,1886,20.71,21.052,8.168
China,Guangzhou,1887,21.05,21.008,8.105
China,Guangzhou,1888,21.54,21.004,8.031
China,Guangzhou,1889,21.39,20.977,8.046
China,Guangzhou,1890,21.53,21.043,8.031
China,Guangzhou,1891,21.46,21.064,8.006
China,Guangzhou,1892,20.92,21.045,8
China,Guangzhou,1893,20.7,21.038,8.008
China,Guangzhou,1894,21.28,21.125,8.047
China,Guangzhou,1895,21.2,21.178,8.07
China,Guangzhou,1896,21.34,21.241,8.096
China,Guangzhou,1897,21.36,21.272,8.134
China,Guangzhou,1898,21.52,21.27,8.143
China,Guangzhou,1899,21.25,21.256,8.151
China,Guangzhou,1900,21.22,21.225,8.204
China,Guangzhou,1901,21.34,21.213,8.256
China,Guangzhou,1902,22.07,21.328,8.279
China,Guangzhou,1903,21.13,21.371,8.295
China,Guangzhou,1904,21.27,21.37,8.288
China,Guangzhou,1905,21.09,21.359,8.296
China,Guangzhou,1906,21.41,21.366,8.313
China,Guangzhou,1907,21.41,21.371,8.279
China,Guangzhou,1908,21.28,21.347,8.28
China,Guangzhou,1909,21.62,21.384,8.258
China,Guangzhou,1910,21.3,21.392,8.23
China,Guangzhou,1911,21.41,21.399,8.194
China,Guangzhou,1912,21.32,21.324,8.181
China,Guangzhou,1913,21.2,21.331,8.189
China,Guangzhou,1914,22.09,21.413,8.239
China,Guangzhou,1915,21.93,21.497,8.275
China,Guangzhou,1916,21.23,21.479,8.26
China,Guangzhou,1917,20.87,21.425,8.267
China,Guangzhou,1918,21.18,21.415,8.261
China,Guangzhou,1919,21.69,21.422,8.281
China,Guangzhou,1920,21.48,21.44,8.295
China,Guangzhou,1921,21.6,21.459,8.334
China,Guangzhou,1922,21.73,21.5,8.358
China,Guangzhou,1923,21.98,21.578,8.37
China,Guangzhou,1924,21.74,21.543,8.362
China,Guangzhou,1925,21.26,21.476,8.356
China,Guangzhou,1926,21.46,21.499,8.406
China,Guangzhou,1927,21.47,21.559,8.456
China,Guangzhou,1928,21.93,21.634,8.506
China,Guangzhou,1929,21.83,21.648,8.492
China,Guangzhou,1930,21.54,21.654,8.519
China,Guangzhou,1931,21.54,21.648,8.534
China,Guangzhou,1932,21.42,21.617,8.564
China,Guangzhou,1933,21.65,21.584,8.556
China,Guangzhou,1934,21.17,21.527,8.568
China,Guangzhou,1935,21.75,21.576,8.567
China,Guangzhou,1936,21.22,21.552,8.549
China,Guangzhou,1937,22.02,21.607,8.567
China,Guangzhou,1938,22.08,21.622,8.59
China,Guangzhou,1939,21.77,21.616,8.642
China,Guangzhou,1940,22.12,21.674,8.655
China,Guangzhou,1941,22.14,21.734,8.66
China,Guangzhou,1942,22.24,21.816,8.662
China,Guangzhou,1943,22.2,21.871,8.704
China,Guangzhou,1944,21.84,21.938,8.726
China,Guangzhou,1945,21.74,21.937,8.732
China,Guangzhou,1946,22.81,22.096,8.745
China,Guangzhou,1947,21.68,22.062,8.755
China,Guangzhou,1948,22.2,22.074,8.744
China,Guangzhou,1949,22.27,22.124,8.727
China,Guangzhou,1950,22.13,22.125,8.688
China,Guangzhou,1951,21.72,22.083,8.674
China,Guangzhou,1952,22.26,22.085,8.665
China,Guangzhou,1953,22.09,22.074,8.676
China,Guangzhou,1954,21.86,22.076,8.647
China,Guangzhou,1955,21.86,22.088,8.652
China,Guangzhou,1956,21.7,21.977,8.612
China,Guangzhou,1957,21.6,21.969,8.605
China,Guangzhou,1958,21.97,21.946,8.607
China,Guangzhou,1959,22.04,21.923,8.621
China,Guangzhou,1960,22.09,21.919,8.642
China,Guangzhou,1961,21.98,21.945,8.659
China,Guangzhou,1962,21.72,21.891,8.67
China,Guangzhou,1963,22.17,21.899,8.669
China,Guangzhou,1964,21.93,21.906,8.654
China,Guangzhou,1965,22.04,21.924,8.644
China,Guangzhou,1966,22.46,22,8.676
China,Guangzhou,1967,21.53,21.993,8.673
China,Guangzhou,1968,21.92,21.988,8.648
China,Guangzhou,1969,21.43,21.927,8.635
China,Guangzhou,1970,21.52,21.87,8.647
China,Guangzhou,1971,21.66,21.838,8.627
China,Guangzhou,1972,21.8,21.846,8.602
China,Guangzhou,1973,22.23,21.852,8.611
China,Guangzhou,1974,21.72,21.831,8.617
China,Guangzhou,1975,21.84,21.811,8.638
China,Guangzhou,1976,21.33,21.698,8.613
China,Guangzhou,1977,22.18,21.763,8.628
China,Guangzhou,1978,21.92,21.763,8.645
China,Guangzhou,1979,21.98,21.818,8.658
China,Guangzhou,1980,22.14,21.88,8.686
China,Guangzhou,1981,22.06,21.92,8.743
China,Guangzhou,1982,21.92,21.932,8.757
China,Guangzhou,1983,21.7,21.879,8.765
China,Guangzhou,1984,21.18,21.825,8.787
China,Guangzhou,1985,21.56,21.797,8.779
China,Guangzhou,1986,22.02,21.866,8.827
China,Guangzhou,1987,22.57,21.905,8.841
China,Guangzhou,1988,21.62,21.875,8.892
China,Guangzhou,1989,22.1,21.887,8.911
China,Guangzhou,1990,22.42,21.915,8.936
China,Guangzhou,1991,22.21,21.93,8.937
China,Guangzhou,1992,21.49,21.887,8.957
China,Guangzhou,1993,21.57,21.874,8.941
China,Guangzhou,1994,22.02,21.958,8.976
China,Guangzhou,1995,21.47,21.949,9.045
China,Guangzhou,1996,21.54,21.901,9.066
China,Guangzhou,1997,21.86,21.83,9.087
China,Guangzhou,1998,22.64,21.932,9.119
China,Guangzhou,1999,22.33,21.955,9.156
China,Guangzhou,2000,22.09,21.922,9.153
China,Guangzhou,2001,22.12,21.913,9.176
China,Guangzhou,2002,22.4,22.004,9.249
China,Guangzhou,2003,22.47,22.094,9.315
China,Guangzhou,2004,22.18,22.11,9.343
China,Guangzhou,2005,22.06,22.169,9.378
China,Guangzhou,2006,22.49,22.264,9.427
China,Guangzhou,2007,22.54,22.332,9.48
China,Guangzhou,2008,21.78,22.246,9.471
China,Guangzhou,2009,22.42,22.255,9.493
China,Guangzhou,2010,22,22.246,9.543
China,Guangzhou,2011,21.68,22.202,9.554
China,Guangzhou,2012,21.95,22.157,9.548
China,Guangzhou,2013,22.93,22.203,9.556
