,model,displ,cyl,trans,drive,fuel,veh_class,air_pollution_score,city_mpg,hwy_mpg,cmb_mpg,greenhouse_gas_score,smartway
0,ACURA MDX,3.7,6,Auto-S5,4WD,Gasoline,SUV,7.0,15.0,20.0,17.0,4,no
1,ACURA RDX,2.3,4,Auto-S5,4WD,Gasoline,SUV,7.0,17.0,22.0,19.0,5,no
2,ACURA RL,3.5,6,Auto-S5,4WD,Gasoline,midsize car,7.0,16.0,24.0,19.0,5,no
3,ACURA TL,3.2,6,Auto-S5,2WD,Gasoline,midsize car,7.0,18.0,26.0,21.0,6,yes
4,ACURA TL,3.5,6,Auto-S5,2WD,Gasoline,midsize car,7.0,17.0,26.0,20.0,6,yes
5,ACURA TL,3.5,6,Man-6,2WD,Gasoline,midsize car,7.0,18.0,27.0,21.0,6,yes
6,ACURA TSX,2.4,4,Man-6,2WD,Gasoline,small car,6.0,19.0,28.0,22.0,6,no
7,ACURA TSX,2.4,4,Auto-S5,2WD,Gasoline,small car,6.0,20.0,28.0,23.0,7,yes
8,ASTON MARTIN DB9,5.9,12,Man-6,2WD,Gasoline,small car,6.0,10.0,16.0,12.0,0,no
9,ASTON MARTIN DB9,5.9,12,Auto-S6,2WD,Gasoline,small car,6.0,11.0,18.0,13.0,1,no
10,ASTON MARTIN DB9 Volante,5.9,12,Man-6,2WD,Gasoline,small car,6.0,10.0,16.0,12.0,0,no
11,ASTON MARTIN DB9 Volante,5.9,12,Auto-S6,2WD,Gasoline,small car,6.0,11.0,17.0,13.0,1,no
12,ASTON MARTIN V8 Vantage,4.3,8,Man-6,2WD,Gasoline,small car,6.0,12.0,19.0,15.0,3,no
13,ASTON MARTIN V8 Vantage,4.3,8,Auto-S6,2WD,Gasoline,small car,6.0,13.0,20.0,15.0,3,no
14,AUDI A3,2.0,4,Man-6,2WD,Gasoline,station wagon,7.0,21.0,29.0,24.0,7,yes
15,AUDI A3,2.0,4,Auto-S6,2WD,Gasoline,station wagon,7.0,22.0,29.0,25.0,7,yes
16,AUDI A3,3.2,6,Auto-S6,4WD,Gasoline,station wagon,6.0,18.0,25.0,21.0,6,no
17,AUDI A4,2.0,4,Auto-AV,2WD,Gasoline,small car,7.0,21.0,30.0,24.0,7,yes
18,AUDI A4,3.1,6,Man-6,4WD,Gasoline,small car,6.0,15.0,25.0,19.0,5,no
19,AUDI A4,3.1,6,Auto-S6,4WD,Gasoline,small car,6.0,17.0,25.0,20.0,6,no
20,AUDI A4,3.1,6,Auto-AV,2WD,Gasoline,small car,6.0,18.0,27.0,21.0,6,no
21,AUDI A4 Avant,3.1,6,Man-6,4WD,Gasoline,station wagon,6.0,15.0,25.0,19.0,5,no
22,AUDI A4 Avant,3.1,6,Auto-S6,4WD,Gasoline,station wagon,6.0,17.0,25.0,20.0,6,no
23,AUDI A4 Cabriolet,3.1,6,Auto-S6,4WD,Gasoline,small car,6.0,17.0,25.0,20.0,6,no
24,AUDI A6,3.1,6,Auto-S6,4WD,Gasoline,midsize car,6.0,17.0,25.0,20.0,6,no
25,AUDI A6,3.1,6,Auto-AV,2WD,Gasoline,midsize car,6.0,18.0,27.0,21.0,6,no
26,AUDI A6,4.2,8,Auto-S6,4WD,Gasoline,midsize car,6.0,16.0,23.0,18.0,5,no
27,AUDI A6 Avant,3.1,6,Auto-S6,4WD,Gasoline,station wagon,6.0,17.0,25.0,20.0,6,no
28,AUDI A8,4.2,8,Auto-S6,4WD,Gasoline,midsize car,6.0,16.0,23.0,18.0,5,no
29,AUDI A8 L,4.2,8,Auto-S6,4WD,Gasoline,large car,6.0,16.0,23.0,18.0,5,no
30,AUDI A8 L,6.0,12,Auto-S6,4WD,Gasoline,large car,6.0,13.0,19.0,15.0,3,no
31,AUDI Q7,3.6,6,Auto-S6,4WD,Gasoline,SUV,6.0,14.0,20.0,16.0,4,no
32,AUDI Q7,4.2,8,Auto-S6,4WD,Gasoline,SUV,6.0,12.0,17.0,14.0,2,no
33,AUDI R8,4.2,8,Auto-S6,4WD,Gasoline,small car,6.0,13.0,19.0,15.0,3,no
34,AUDI R8,4.2,8,Man-6,4WD,Gasoline,small car,6.0,13.0,20.0,15.0,3,no
35,AUDI RS4,4.2,8,Man-6,4WD,Gasoline,small car,6.0,13.0,20.0,15.0,3,no
36,AUDI RS4 Cabriolet,4.2,8,Man-6,4WD,Gasoline,small car,6.0,12.0,19.0,14.0,2,no
37,AUDI S4,4.2,8,Man-6,4WD,Gasoline,small car,6.0,13.0,20.0,15.0,3,no
38,AUDI S4,4.2,8,Auto-S6,4WD,Gasoline,small car,6.0,14.0,21.0,16.0,4,no
39,AUDI S4 Avant,4.2,8,Man-6,4WD,Gasoline,station wagon,6.0,13.0,20.0,15.0,3,no
40,AUDI S4 Avant,4.2,8,Auto-S6,4WD,Gasoline,station wagon,6.0,14.0,21.0,16.0,4,no
41,AUDI S4 Cabriolet,4.2,8,Man-6,4WD,Gasoline,small car,6.0,13.0,19.0,15.0,3,no
42,AUDI S4 Cabriolet,4.2,8,Auto-S6,4WD,Gasoline,small car,6.0,14.0,21.0,16.0,4,no
43,AUDI S5,4.2,8,Man-6,4WD,Gasoline,small car,6.0,14.0,21.0,16.0,4,no
44,AUDI S6,5.2,10,Auto-S6,4WD,Gasoline,midsize car,6.0,14.0,19.0,16.0,4,no
45,AUDI S8,5.2,10,Auto-S6,4WD,Gasoline,midsize car,6.0,13.0,19.0,15.0,3,no
46,AUDI TT Coupe,2.0,4,Auto-S6,2WD,Gasoline,small car,7.0,23.0,31.0,26.0,8,yes
47,AUDI TT Coupe,3.2,6,Man-6,4WD,Gasoline,small car,6.0,17.0,24.0,19.0,5,no
48,AUDI TT Coupe,3.2,6,Auto-S6,4WD,Gasoline,small car,6.0,18.0,24.0,20.0,6,no
49,AUDI TT Roadster,2.0,4,Auto-S6,2WD,Gasoline,small car,7.0,22.0,29.0,25.0,7,yes
50,AUDI TT Roadster,3.2,6,Man-6,4WD,Gasoline,small car,6.0,17.0,24.0,19.0,5,no
51,AUDI TT Roadster,3.2,6,Auto-S6,4WD,Gasoline,small car,6.0,18.0,24.0,20.0,6,no
52,BENTLEY Arnage,6.7,8,Auto-S6,2WD,Gasoline,large car,6.0,9.0,15.0,11.0,0,no
53,BENTLEY Arnage,6.7,8,Auto-S6,2WD,Gasoline,midsize car,6.0,10.0,15.0,11.0,0,no
54,BENTLEY Azure,6.7,8,Auto-S6,2WD,Gasoline,small car,6.0,9.0,15.0,11.0,0,no
55,BENTLEY Continental Flying Spur,6.0,12,Auto-S6,4WD,Gasoline,midsize car,6.0,10.0,17.0,12.0,0,no
56,BENTLEY Continental GT,6.0,12,Auto-S6,4WD,Gasoline,small car,6.0,10.0,17.0,13.0,1,no
57,BENTLEY Continental GTC,6.0,12,Auto-S6,4WD,Gasoline,small car,6.0,10.0,17.0,12.0,0,no
58,BMW 328ci,3.0,6,Man-6,2WD,Gasoline,small car,9.5,20.0,30.0,24.0,7,yes
59,BMW 328ci,3.0,6,Auto-S6,2WD,Gasoline,small car,9.5,23.0,31.0,25.0,7,yes
60,BMW 328ci,3.0,6,Man-6,2WD,Gasoline,small car,7.0,20.0,30.0,24.0,7,yes
61,BMW 328ci,3.0,6,Auto-S6,2WD,Gasoline,small car,7.0,23.0,31.0,25.0,7,yes
62,BMW 328ci Convertible,3.0,6,Man-6,2WD,Gasoline,small car,9.5,19.0,29.0,22.0,6,yes
63,BMW 328ci Convertible,3.0,6,Auto-S6,2WD,Gasoline,small car,9.5,20.0,30.0,24.0,7,yes
64,BMW 328ci Convertible,3.0,6,Man-6,2WD,Gasoline,small car,7.0,19.0,29.0,22.0,6,yes
65,BMW 328ci Convertible,3.0,6,Auto-S6,2WD,Gasoline,small car,7.0,20.0,30.0,24.0,7,yes
66,BMW 328cxi,3.0,6,Auto-S6,4WD,Gasoline,small car,9.5,20.0,27.0,23.0,7,yes
67,BMW 328cxi,3.0,6,Man-6,4WD,Gasoline,small car,7.0,19.0,28.0,22.0,6,yes
68,BMW 328cxi,3.0,6,Auto-S6,4WD,Gasoline,small car,7.0,20.0,27.0,23.0,7,yes
69,BMW 328i,3.0,6,Man-6,2WD,Gasoline,small car,9.5,20.0,30.0,24.0,7,yes
70,BMW 328i,3.0,6,Auto-S6,2WD,Gasoline,small car,9.5,23.0,31.0,25.0,7,yes
71,BMW 328i,3.0,6,Man-6,2WD,Gasoline,small car,7.0,20.0,30.0,24.0,7,yes
72,BMW 328i,3.0,6,Auto-S6,2WD,Gasoline,small car,7.0,23.0,31.0,25.0,7,yes
73,BMW 328i Sport Wagon,3.0,6,Man-6,2WD,Gasoline,station wagon,7.0,19.0,29.0,22.0,6,yes
74,BMW 328xi,3.0,6,Auto-S6,4WD,Gasoline,small car,9.5,20.0,27.0,23.0,7,yes
75,BMW 328xi,3.0,6,Man-6,4WD,Gasoline,small car,7.0,19.0,28.0,22.0,6,yes
76,BMW 328xi,3.0,6,Auto-S6,4WD,Gasoline,small car,7.0,20.0,27.0,23.0,7,yes
77,BMW 328xi Sport Wagon,3.0,6,Man-6,4WD,Gasoline,station wagon,7.0,19.0,28.0,22.0,6,yes
78,BMW 328xi Sport Wagon,3.0,6,Auto-S6,4WD,Gasoline,station wagon,7.0,20.0,27.0,23.0,7,yes
79,BMW 335ci,3.0,6,Man-6,2WD,Gasoline,small car,6.0,19.0,28.0,22.0,6,no
80,BMW 335ci,3.0,6,Auto-S6,2WD,Gasoline,small car,6.0,20.0,28.0,23.0,7,yes
81,BMW 335ci Convertible,3.0,6,Man-6,2WD,Gasoline,small car,6.0,19.0,28.0,22.0,6,no
82,BMW 335ci Convertible,3.0,6,Auto-S6,2WD,Gasoline,small car,6.0,20.0,28.0,23.0,7,yes
83,BMW 335cxi,3.0,6,Man-6,4WD,Gasoline,small car,6.0,18.0,27.0,21.0,6,no
84,BMW 335cxi,3.0,6,Auto-S6,4WD,Gasoline,small car,6.0,19.0,27.0,22.0,6,no
85,BMW 335i,3.0,6,Man-6,2WD,Gasoline,small car,6.0,19.0,28.0,22.0,6,no
86,BMW 335i,3.0,6,Auto-S6,2WD,Gasoline,small car,6.0,20.0,28.0,23.0,7,yes
87,BMW 335xi,3.0,6,Man-6,4WD,Gasoline,small car,6.0,18.0,27.0,21.0,6,no
88,BMW 335xi,3.0,6,Auto-S6,4WD,Gasoline,small car,6.0,19.0,27.0,22.0,6,no
89,BMW 528i,3.0,6,Auto-S6,2WD,Gasoline,midsize car,7.0,20.0,30.0,24.0,7,yes
90,BMW 528i,3.0,6,Man-6,2WD,Gasoline,midsize car,7.0,20.0,30.0,24.0,7,yes
91,BMW 528xi,3.0,6,Man-6,4WD,Gasoline,midsize car,7.0,19.0,28.0,22.0,6,yes
92,BMW 528xi,3.0,6,Auto-S6,4WD,Gasoline,midsize car,7.0,20.0,27.0,23.0,7,yes
93,BMW 535i,3.0,6,Man-6,2WD,Gasoline,midsize car,6.0,19.0,28.0,22.0,6,no
94,BMW 535i,3.0,6,Auto-S6,2WD,Gasoline,midsize car,6.0,20.0,28.0,23.0,7,yes
95,BMW 535xi,3.0,6,Man-6,4WD,Gasoline,midsize car,6.0,18.0,27.0,21.0,6,no
96,BMW 535xi,3.0,6,Auto-S6,4WD,Gasoline,midsize car,6.0,19.0,27.0,22.0,6,no
97,BMW 535xi Sport Wagon,3.0,6,Man-6,4WD,Gasoline,station wagon,6.0,17.0,25.0,20.0,6,no
98,BMW 535xi Sport Wagon,3.0,6,Auto-S6,4WD,Gasoline,station wagon,6.0,18.0,26.0,21.0,6,no
99,BMW 550i,4.8,8,Man-6,2WD,Gasoline,midsize car,7.0,17.0,24.0,19.0,5,no
100,BMW 550i,4.8,8,Auto-S6,2WD,Gasoline,midsize car,7.0,17.0,25.0,20.0,6,yes
101,BMW 650ci,4.8,8,Man-6,2WD,Gasoline,small car,7.0,17.0,24.0,19.0,5,no
102,BMW 650ci,4.8,8,Auto-S6,2WD,Gasoline,small car,7.0,17.0,25.0,20.0,6,yes
103,BMW 650ci Convertible,4.8,8,Man-6,2WD,Gasoline,small car,7.0,16.0,22.0,18.0,5,no
104,BMW 650ci Convertible,4.8,8,Auto-S6,2WD,Gasoline,small car,7.0,17.0,25.0,20.0,6,yes
105,BMW 750i,4.8,8,Auto-S6,2WD,Gasoline,large car,7.0,17.0,25.0,20.0,6,yes
106,BMW 750li,4.8,8,Auto-S6,2WD,Gasoline,large car,7.0,17.0,25.0,20.0,6,yes
107,BMW 760li,6.0,12,Auto-S6,2WD,Gasoline,large car,6.0,14.0,22.0,17.0,4,no
108,BMW Alpina B7,4.4,8,Auto-S6,2WD,Gasoline,large car,6.0,15.0,23.0,18.0,5,no
109,BMW M5,5.0,10,Man-6,2WD,Gasoline,midsize car,6.0,12.0,18.0,14.0,2,no
110,BMW M5,5.0,10,Auto-S7,2WD,Gasoline,midsize car,6.0,12.0,18.0,14.0,2,no
111,BMW M6,5.0,10,Man-6,2WD,Gasoline,small car,6.0,12.0,18.0,14.0,2,no
112,BMW M6,5.0,10,Auto-S7,2WD,Gasoline,small car,6.0,12.0,18.0,14.0,2,no
113,BMW M6 Convertible,5.0,10,Man-6,2WD,Gasoline,small car,6.0,12.0,18.0,14.0,2,no
114,BMW M6 Convertible,5.0,10,Auto-S7,2WD,Gasoline,small car,6.0,12.0,19.0,14.0,2,no
115,BMW X3,3.0,6,Man-6,4WD,Gasoline,SUV,7.0,18.0,26.0,21.0,6,yes
116,BMW X3,3.0,6,Auto-S6,4WD,Gasoline,SUV,7.0,19.0,26.0,22.0,6,yes
117,BMW X5,3.0,6,Auto-S6,4WD,Gasoline,SUV,7.0,17.0,23.0,19.0,5,no
118,BMW X5,4.8,8,Auto-S6,4WD,Gasoline,SUV,7.0,15.0,21.0,17.0,4,no
119,BMW Z4,3.0,6,Man-6,2WD,Gasoline,small car,7.0,20.0,30.0,24.0,7,yes
120,BMW Z4,3.0,6,Auto-S6,2WD,Gasoline,small car,7.0,23.0,31.0,25.0,7,yes
121,BMW Z4 Coupe,3.0,6,Man-6,2WD,Gasoline,small car,7.0,20.0,30.0,24.0,7,yes
122,BMW Z4 Coupe,3.0,6,Auto-S6,2WD,Gasoline,small car,7.0,23.0,31.0,25.0,7,yes
123,BUGATTI Veyron,8.0,16,Auto-S6,4WD,Gasoline,small car,6.0,8.0,14.0,10.0,0,no
124,BUICK Allure,3.8,6,Auto-L4,2WD,Gasoline,midsize car,9.5,17.0,28.0,21.0,6,yes
125,BUICK Allure,3.6,6,Auto-L4,2WD,Gasoline,midsize car,6.0,17.0,25.0,20.0,6,no
126,BUICK Allure,5.3,8,Auto-L4,2WD,Gasoline,midsize car,6.0,16.0,25.0,19.0,5,no
127,BUICK Enclave,3.6,6,Auto-L6,2WD,Gasoline,SUV,6.0,16.0,24.0,19.0,5,no
128,BUICK Enclave,3.6,6,Auto-L6,4WD,Gasoline,SUV,6.0,16.0,22.0,18.0,5,no
129,BUICK LaCrosse,3.8,6,Auto-L4,2WD,Gasoline,midsize car,9.5,17.0,28.0,21.0,6,yes
130,BUICK LaCrosse,3.6,6,Auto-L4,2WD,Gasoline,midsize car,6.0,17.0,25.0,20.0,6,no
131,BUICK LaCrosse,5.3,8,Auto-L4,2WD,Gasoline,midsize car,6.0,16.0,25.0,19.0,5,no
132,BUICK Lucerne,3.8,6,Auto-L4,2WD,Gasoline,large car,9.5,16.0,25.0,19.0,5,no
133,BUICK Terraza,3.9,6,Auto-L4,2WD,Gasoline,minivan,6.0,16.0,23.0,19.0,5,no
134,CADILLAC CTS,3.6,6,Man-6,2WD,Gasoline,midsize car,6.0,16.0,25.0,19.0,5,no
135,CADILLAC CTS,3.6,6,Auto-S6,4WD,Gasoline,midsize car,6.0,17.0,25.0,20.0,6,no
136,CADILLAC CTS,3.6,6,Auto-S6,4WD,Gasoline,midsize car,6.0,17.0,26.0,20.0,6,no
137,CADILLAC CTS,3.6,6,Auto-S6,2WD,Gasoline,midsize car,6.0,17.0,26.0,20.0,6,no
138,CADILLAC CTS,3.6,6,Auto-S6,2WD,Gasoline,midsize car,6.0,18.0,26.0,21.0,6,no
139,CADILLAC Escalade,6.2,8,Auto-L6,2WD,Gasoline,SUV,6.0,12.0,19.0,14.0,2,no
140,CADILLAC Escalade,6.2,8,Auto-L6,4WD,Gasoline,SUV,6.0,12.0,18.0,14.0,2,no
141,CADILLAC SRX,3.6,6,Auto-S5,2WD,Gasoline,SUV,6.0,15.0,22.0,17.0,4,no
142,CADILLAC SRX,3.6,6,Auto-S5,4WD,Gasoline,SUV,6.0,14.0,22.0,17.0,4,no
143,CADILLAC SRX,4.6,8,Auto-S6,2WD,Gasoline,SUV,6.0,13.0,20.0,16.0,4,no
144,CADILLAC SRX,4.6,8,Auto-S6,4WD,Gasoline,SUV,6.0,13.0,20.0,15.0,3,no
145,CADILLAC STS,3.6,6,Auto-S6,4WD,Gasoline,midsize car,6.0,17.0,26.0,20.0,6,no
146,CADILLAC STS,3.6,6,Auto-S6,2WD,Gasoline,midsize car,6.0,17.0,26.0,20.0,6,no
147,CADILLAC STS,4.4,8,Auto-S6,2WD,Gasoline,midsize car,6.0,13.0,19.0,15.0,3,no
148,CADILLAC STS,4.6,8,Auto-S6,4WD,Gasoline,midsize car,6.0,14.0,21.0,16.0,4,no
149,CADILLAC STS,4.6,8,Auto-S6,2WD,Gasoline,midsize car,6.0,15.0,24.0,18.0,5,no
150,CADILLAC XLR,4.4,8,Auto-S6,2WD,Gasoline,small car,6.0,14.0,21.0,16.0,4,no
151,CADILLAC XLR,4.6,8,Auto-S6,2WD,Gasoline,small car,6.0,15.0,24.0,18.0,5,no
152,CHEVROLET Classic,3.5,6,Auto-L4,2WD,Gasoline,midsize car,7.0,18.0,28.0,22.0,6,yes
153,CHEVROLET Classic,2.2,4,Auto-L4,2WD,Gasoline,midsize car,6.0,21.0,31.0,25.0,7,yes
154,CHEVROLET Cobalt,2.2,4,Auto-L4,2WD,Gasoline,small car,9.5,22.0,31.0,26.0,8,yes
155,CHEVROLET Cobalt,2.2,4,Man-5,2WD,Gasoline,small car,9.5,24.0,33.0,27.0,8,yes
156,CHEVROLET Cobalt,2.2,4,Auto-L4,2WD,Gasoline,small car,6.0,22.0,31.0,26.0,8,yes
157,CHEVROLET Cobalt,2.2,4,Man-5,2WD,Gasoline,small car,6.0,24.0,33.0,27.0,8,yes
158,CHEVROLET Cobalt,2.4,4,Auto-L4,2WD,Gasoline,small car,6.0,22.0,31.0,25.0,7,yes
159,CHEVROLET Cobalt,2.4,4,Man-5,2WD,Gasoline,small car,6.0,22.0,32.0,26.0,8,yes
160,CHEVROLET Corvette,7.0,8,Man-6,2WD,Gasoline,small car,6.0,15.0,24.0,18.0,5,no
161,CHEVROLET Equinox,3.4,6,Auto-L5,2WD,Gasoline,SUV,7.0,17.0,24.0,19.0,5,no
162,CHEVROLET Equinox,3.4,6,Auto-L5,4WD,Gasoline,SUV,7.0,17.0,24.0,19.0,5,no
163,CHEVROLET Equinox,3.6,6,Auto-S6,2WD,Gasoline,SUV,6.0,16.0,24.0,19.0,5,no
164,CHEVROLET Equinox,3.6,6,Auto-S6,4WD,Gasoline,SUV,6.0,16.0,24.0,19.0,5,no
165,CHEVROLET Express 1500,5.3,8,Auto-L4,4WD,Gasoline,van,6.0,12.0,16.0,14.0,2,no
166,CHEVROLET Express 1500,5.3,8,Auto-L4,2WD,Gasoline,van,6.0,12.0,16.0,14.0,2,no
167,CHEVROLET Express 2500,5.3,8,Auto-L4,2WD,Gasoline,van,6.0,12.0,16.0,14.0,2,no
168,CHEVROLET HHR,2.2,4,Man-5,2WD,Gasoline,SUV,7.0,20.0,30.0,24.0,7,yes
169,CHEVROLET HHR,2.2,4,Man-5,2WD,Gasoline,SUV,7.0,21.0,30.0,24.0,7,yes
170,CHEVROLET HHR,2.2,4,Auto-L4,2WD,Gasoline,SUV,7.0,22.0,30.0,25.0,7,yes
171,CHEVROLET HHR,2.4,4,Man-5,2WD,Gasoline,SUV,7.0,20.0,28.0,23.0,7,yes
172,CHEVROLET HHR,2.4,4,Man-5,2WD,Gasoline,SUV,7.0,20.0,29.0,23.0,7,yes
173,CHEVROLET HHR,2.4,4,Auto-L4,2WD,Gasoline,SUV,7.0,22.0,28.0,24.0,7,yes
174,CHEVROLET HHR,2.0,4,Auto-L4,2WD,Gasoline,SUV,6.0,19.0,28.0,22.0,6,no
175,CHEVROLET Impala,3.5,6,Auto-L4,2WD,Gasoline,large car,9.5,18.0,29.0,22.0,6,yes
176,CHEVROLET Impala,5.3,8,Auto-L4,2WD,Gasoline,large car,6.0,16.0,25.0,19.0,5,no
177,CHEVROLET Malibu,3.5,6,Auto-L4,2WD,Gasoline,midsize car,7.0,18.0,29.0,22.0,6,yes
178,CHEVROLET Malibu,2.4,4,Auto-L4,2WD,Gasoline,midsize car,6.0,22.0,30.0,25.0,7,yes
179,CHEVROLET Malibu,3.6,6,Auto-S6,2WD,Gasoline,midsize car,6.0,17.0,26.0,20.0,6,no
180,CHEVROLET Malibu Hybrid,2.4,4,Auto-L4,2WD,Gasoline,midsize car,6.0,24.0,32.0,27.0,8,yes
181,CHEVROLET Silverado 15,4.3,6,Auto-L4,2WD,Gasoline,pickup,6.0,15.0,20.0,17.0,4,no
182,CHEVROLET Silverado 15,4.3,6,Auto-L4,4WD,Gasoline,pickup,6.0,14.0,18.0,15.0,3,no
183,CHEVROLET Tahoe 1500,6.2,8,Auto-L6,2WD,Gasoline,SUV,6.0,12.0,19.0,14.0,2,no
184,CHEVROLET Tahoe 1500 Hybrid,6.0,8,Auto-AV,2WD,Gasoline,SUV,6.0,21.0,22.0,21.0,6,no
185,CHEVROLET Tahoe 1500 Hybrid,6.0,8,Auto-AV,4WD,Gasoline,SUV,6.0,20.0,20.0,20.0,6,no
186,CHEVROLET Trailblazer,5.3,8,Auto-L4,2WD,Gasoline,SUV,6.0,14.0,20.0,17.0,4,no
187,CHEVROLET Trailblazer,5.3,8,Auto-L4,4WD,Gasoline,SUV,6.0,13.0,19.0,16.0,4,no
188,CHEVROLET Trailblazer,6.0,8,Auto-L4,2WD,Gasoline,SUV,6.0,12.0,16.0,14.0,2,no
189,CHEVROLET Trailblazer,6.0,8,Auto-L4,4WD,Gasoline,SUV,6.0,12.0,16.0,13.0,1,no
190,CHEVROLET Uplander,3.9,6,Auto-L4,2WD,Gasoline,minivan,6.0,16.0,23.0,19.0,5,no
191,CHEVROLET Van 1500,4.3,6,Auto-L4,2WD,Gasoline,van,6.0,15.0,20.0,17.0,4,no
192,CHEVROLET Van 1500,5.3,8,Auto-L4,4WD,Gasoline,van,6.0,12.0,16.0,14.0,2,no
193,CHEVROLET Van 1500,5.3,8,Auto-L4,2WD,Gasoline,van,6.0,12.0,16.0,14.0,2,no
194,CHEVROLET Van 1500,5.3,8,Auto-L4,4WD,Gasoline,van,6.0,13.0,17.0,15.0,3,no
195,CHEVROLET Van 1500,5.3,8,Auto-L4,2WD,Gasoline,van,6.0,14.0,18.0,15.0,3,no
196,CHEVROLET Van 2500,4.3,6,Auto-L4,2WD,Gasoline,van,6.0,15.0,20.0,17.0,4,no
197,CHEVROLET Van 2500,5.3,8,Auto-L4,2WD,Gasoline,van,6.0,12.0,16.0,14.0,2,no
198,CHEVROLET Van 2500,5.3,8,Auto-L4,4WD,Gasoline,van,6.0,13.0,17.0,15.0,3,no
199,CHEVROLET Van 2500,5.3,8,Auto-L4,2WD,Gasoline,van,6.0,14.0,18.0,15.0,3,no
200,CHRYSLER 300,3.5,6,Auto-L5,4WD,Gasoline,large car,7.0,15.0,22.0,18.0,5,no
201,CHRYSLER 300,3.5,6,Auto-L5,2WD,Gasoline,large car,7.0,17.0,24.0,20.0,6,yes
202,CHRYSLER 300,3.5,6,Auto-L4,2WD,Gasoline,large car,7.0,17.0,24.0,20.0,6,yes
203,CHRYSLER 300,2.7,6,Auto-L4,2WD,Gasoline,large car,6.0,18.0,26.0,21.0,6,no
204,CHRYSLER 300,6.1,8,Auto-L5,2WD,Gasoline,large car,6.0,13.0,18.0,15.0,3,no
205,CHRYSLER Aspen,4.7,8,Auto-L5,2WD,Gasoline,SUV,7.0,14.0,19.0,15.0,3,no
206,CHRYSLER Aspen,5.7,8,Auto-L5,2WD,Gasoline,SUV,6.0,13.0,19.0,15.0,3,no
207,CHRYSLER Aspen,5.7,8,Auto-L5,4WD,Gasoline,SUV,6.0,13.0,18.0,15.0,3,no
208,CHRYSLER Crossfire,3.2,6,Man-6,2WD,Gasoline,small car,6.0,15.0,23.0,18.0,5,no
209,CHRYSLER Crossfire,3.2,6,Auto-L5,2WD,Gasoline,small car,6.0,19.0,25.0,21.0,6,no
210,CHRYSLER PT Cruiser,2.4,4,Auto-L4,2WD,Gasoline,SUV,7.0,18.0,24.0,21.0,6,yes
211,CHRYSLER PT Cruiser,2.4,4,Auto-L4,2WD,Gasoline,SUV,7.0,19.0,24.0,21.0,6,yes
212,CHRYSLER PT Cruiser,2.4,4,Man-5,2WD,Gasoline,SUV,7.0,20.0,25.0,22.0,6,yes
213,CHRYSLER PT Cruiser,2.4,4,Auto-L4,2WD,Gasoline,SUV,6.0,18.0,24.0,21.0,6,no
214,CHRYSLER PT Cruiser,2.4,4,Auto-L4,2WD,Gasoline,SUV,6.0,19.0,24.0,21.0,6,no
215,CHRYSLER PT Cruiser,2.4,4,Man-5,2WD,Gasoline,SUV,6.0,20.0,25.0,22.0,6,no
216,CHRYSLER PT Cruiser,2.4,4,Man-5,2WD,Gasoline,SUV,6.0,21.0,26.0,23.0,7,yes
217,CHRYSLER PT Cruiser Convertible,2.4,4,Auto-L4,2WD,Gasoline,small car,7.0,18.0,24.0,21.0,6,yes
218,CHRYSLER PT Cruiser Convertible,2.4,4,Auto-L4,2WD,Gasoline,small car,7.0,19.0,24.0,21.0,6,yes
219,CHRYSLER PT Cruiser Convertible,2.4,4,Man-5,2WD,Gasoline,small car,7.0,20.0,25.0,22.0,6,yes
220,CHRYSLER PT Cruiser Convertible,2.4,4,Auto-L4,2WD,Gasoline,small car,6.0,18.0,24.0,21.0,6,no
221,CHRYSLER PT Cruiser Convertible,2.4,4,Auto-L4,2WD,Gasoline,small car,6.0,19.0,24.0,21.0,6,no
222,CHRYSLER PT Cruiser Convertible,2.4,4,Man-5,2WD,Gasoline,small car,6.0,20.0,25.0,22.0,6,no
223,CHRYSLER PT Cruiser Convertible,2.4,4,Man-5,2WD,Gasoline,small car,6.0,21.0,26.0,23.0,7,yes
224,CHRYSLER Pacifica,3.8,6,Auto-L4,2WD,Gasoline,SUV,7.0,15.0,22.0,18.0,5,no
225,CHRYSLER Pacifica,4.0,6,Auto-L6,2WD,Gasoline,SUV,7.0,15.0,23.0,17.0,4,no
226,CHRYSLER Pacifica,4.0,6,Auto-L6,4WD,Gasoline,SUV,7.0,14.0,22.0,17.0,4,no
227,CHRYSLER SRT-8,3.5,6,Auto-L5,2WD,Gasoline,large car,7.0,17.0,24.0,20.0,6,yes
228,CHRYSLER SRT-8,3.5,6,Auto-L4,2WD,Gasoline,large car,7.0,17.0,24.0,20.0,6,yes
229,CHRYSLER SRT-8,2.7,6,Auto-L4,2WD,Gasoline,large car,6.0,18.0,26.0,21.0,6,no
230,CHRYSLER SRT-8,6.1,8,Auto-L5,2WD,Gasoline,large car,6.0,13.0,18.0,15.0,3,no
231,CHRYSLER Sebring,2.4,4,Auto-L4,2WD,Gasoline,midsize car,7.0,21.0,30.0,24.0,7,yes
232,CHRYSLER Sebring,3.5,6,Auto-L6,4WD,Gasoline,midsize car,7.0,15.0,24.0,18.0,5,no
233,CHRYSLER Sebring,3.5,6,Auto-L6,2WD,Gasoline,midsize car,7.0,16.0,26.0,19.0,5,no
234,CHRYSLER Sebring,2.4,4,Auto-L4,2WD,Gasoline,midsize car,6.0,21.0,30.0,24.0,7,yes
235,CHRYSLER Sebring,2.7,6,Auto-L4,2WD,Gasoline,midsize car,6.0,19.0,27.0,22.0,6,no
236,CHRYSLER Sebring Convertible,2.4,4,Auto-L4,2WD,Gasoline,small car,7.0,20.0,29.0,23.0,7,yes
237,CHRYSLER Sebring Convertible,3.5,6,Auto-L6,2WD,Gasoline,small car,7.0,16.0,26.0,19.0,5,no
238,CHRYSLER Sebring Convertible,2.4,4,Auto-L4,2WD,Gasoline,small car,6.0,20.0,29.0,23.0,7,yes
239,CHRYSLER Sebring Convertible,2.7,6,Auto-L4,2WD,Gasoline,small car,6.0,18.0,26.0,21.0,6,no
240,CHRYSLER Town & Country,3.3,6,Auto-L4,2WD,Gasoline,minivan,7.0,17.0,24.0,19.0,5,no
241,CHRYSLER Town & Country,3.8,6,Auto-L6,2WD,Gasoline,minivan,7.0,16.0,23.0,18.0,5,no
242,CHRYSLER Town & Country,4.0,6,Auto-L6,2WD,Gasoline,minivan,7.0,16.0,23.0,18.0,5,no
243,DODGE Avenger,2.4,4,Auto-L4,2WD,Gasoline,midsize car,7.0,21.0,30.0,24.0,7,yes
244,DODGE Avenger,3.5,6,Auto-L6,4WD,Gasoline,midsize car,7.0,15.0,24.0,18.0,5,no
245,DODGE Avenger,3.5,6,Auto-L6,2WD,Gasoline,midsize car,7.0,16.0,26.0,19.0,5,no
246,DODGE Avenger,2.4,4,Auto-L4,2WD,Gasoline,midsize car,6.0,21.0,30.0,24.0,7,yes
247,DODGE Avenger,2.7,6,Auto-L4,2WD,Gasoline,midsize car,6.0,19.0,27.0,22.0,6,no
248,DODGE Caliber,2.4,4,Auto-AV,4WD,Gasoline,midsize car,7.0,21.0,24.0,22.0,6,yes
249,DODGE Caliber,2.4,4,Auto-AV,2WD,Gasoline,midsize car,7.0,21.0,25.0,23.0,7,yes
250,DODGE Caliber,2.0,4,Auto-AV,2WD,Gasoline,midsize car,6.0,23.0,27.0,24.0,7,yes
251,DODGE Caliber,2.4,4,Auto-AV,2WD,Gasoline,midsize car,6.0,21.0,25.0,23.0,7,yes
252,DODGE Caravan,3.3,6,Auto-L4,2WD,Gasoline,minivan,7.0,17.0,24.0,19.0,5,no
253,DODGE Caravan,3.8,6,Auto-L6,2WD,Gasoline,minivan,7.0,16.0,23.0,18.0,5,no
254,DODGE Caravan,4.0,6,Auto-L6,2WD,Gasoline,minivan,7.0,16.0,23.0,18.0,5,no
255,DODGE Challenger,6.1,8,Auto-L5,2WD,Gasoline,midsize car,6.0,13.0,18.0,15.0,3,no
256,DODGE Charger,3.5,6,Auto-L5,4WD,Gasoline,large car,7.0,15.0,22.0,18.0,5,no
257,DODGE Charger,3.5,6,Auto-L5,2WD,Gasoline,large car,7.0,17.0,24.0,20.0,6,yes
258,DODGE Charger,3.5,6,Auto-L4,2WD,Gasoline,large car,7.0,17.0,24.0,20.0,6,yes
259,DODGE Charger,2.7,6,Auto-L4,2WD,Gasoline,large car,6.0,18.0,26.0,21.0,6,no
260,DODGE Charger,6.1,8,Auto-L5,2WD,Gasoline,large car,6.0,13.0,18.0,15.0,3,no
261,DODGE Dakota,3.7,6,Auto-L4,2WD,Gasoline,pickup,7.0,15.0,20.0,17.0,4,no
262,DODGE Dakota,3.7,6,Auto-L4,4WD,Gasoline,pickup,7.0,14.0,18.0,15.0,3,no
263,DODGE Dakota,4.7,8,Auto-L5,2WD,Gasoline,pickup,7.0,14.0,19.0,15.0,3,no
264,DODGE Dakota,4.7,8,Auto-L5,4WD,Gasoline,pickup,7.0,14.0,19.0,15.0,3,no
265,DODGE Dakota,3.7,6,Auto-L4,2WD,Gasoline,pickup,6.0,15.0,20.0,17.0,4,no
266,DODGE Dakota,3.7,6,Man-6,2WD,Gasoline,pickup,6.0,16.0,20.0,18.0,5,no
267,DODGE Dakota,3.7,6,Auto-L4,4WD,Gasoline,pickup,6.0,14.0,18.0,15.0,3,no
268,DODGE Dakota,3.7,6,Man-6,4WD,Gasoline,pickup,6.0,15.0,19.0,16.0,4,no
269,DODGE Durango,3.7,6,Auto-L4,2WD,Gasoline,SUV,7.0,14.0,19.0,16.0,4,no
270,DODGE Durango,4.7,8,Auto-L5,2WD,Gasoline,SUV,7.0,14.0,19.0,15.0,3,no
271,DODGE Durango,4.7,8,Auto-L5,4WD,Gasoline,SUV,7.0,13.0,17.0,15.0,3,no
272,DODGE Durango,5.7,8,Auto-L5,2WD,Gasoline,SUV,6.0,13.0,19.0,15.0,3,no
273,DODGE Durango,5.7,8,Auto-L5,4WD,Gasoline,SUV,6.0,13.0,18.0,15.0,3,no
274,DODGE Magnum,3.5,6,Auto-L5,2WD,Gasoline,SUV,7.0,17.0,24.0,20.0,6,yes
275,DODGE Magnum,3.5,6,Auto-L4,2WD,Gasoline,SUV,7.0,17.0,24.0,20.0,6,yes
276,DODGE Magnum,3.5,6,Auto-L5,4WD,Gasoline,SUV,7.0,15.0,22.0,18.0,5,no
277,DODGE Magnum,2.7,6,Auto-L4,2WD,Gasoline,SUV,6.0,18.0,26.0,21.0,6,no
278,DODGE Magnum,6.1,8,Auto-L5,2WD,Gasoline,SUV,6.0,13.0,18.0,15.0,3,no
279,DODGE Nitro,3.7,6,Auto-L4,2WD,Gasoline,SUV,7.0,16.0,22.0,18.0,5,no
280,DODGE Nitro,3.7,6,Auto-L4,4WD,Gasoline,SUV,7.0,15.0,21.0,17.0,4,no
281,DODGE Nitro,3.7,6,Auto-L4,2WD,Gasoline,SUV,6.0,16.0,22.0,18.0,5,no
282,DODGE Nitro,3.7,6,Man-6,2WD,Gasoline,SUV,6.0,16.0,22.0,19.0,5,no
283,DODGE Nitro,3.7,6,Auto-L4,4WD,Gasoline,SUV,6.0,15.0,21.0,17.0,4,no
284,DODGE Nitro,3.7,6,Man-6,4WD,Gasoline,SUV,6.0,16.0,22.0,18.0,5,no
285,DODGE Nitro,4.0,6,Auto-L5,2WD,Gasoline,SUV,6.0,16.0,21.0,18.0,5,no
286,DODGE RAM 1500,3.7,6,Auto-L4,2WD,Gasoline,pickup,7.0,14.0,19.0,16.0,4,no
287,DODGE RAM 1500,4.7,8,Auto-L5,2WD,Gasoline,pickup,7.0,13.0,18.0,15.0,3,no
288,DODGE RAM 1500,4.7,8,Auto-L5,4WD,Gasoline,pickup,7.0,13.0,17.0,15.0,3,no
289,DODGE RAM 1500,3.7,6,Auto-L4,2WD,Gasoline,pickup,6.0,14.0,19.0,16.0,4,no
290,DODGE RAM 1500,3.7,6,Man-6,2WD,Gasoline,pickup,6.0,16.0,19.0,17.0,4,no
291,DODGE RAM 1500,4.7,8,Man-6,2WD,Gasoline,pickup,6.0,13.0,17.0,14.0,2,no
292,DODGE RAM 1500,4.7,8,Man-6,4WD,Gasoline,pickup,6.0,12.0,16.0,14.0,2,no
293,DODGE RAM 1500,5.7,8,Auto-L5,2WD,Gasoline,pickup,6.0,13.0,19.0,15.0,3,no
294,DODGE RAM 1500,5.7,8,Auto-L5,4WD,Gasoline,pickup,6.0,13.0,17.0,14.0,2,no
295,DODGE Viper,8.4,10,Man-6,2WD,Gasoline,small car,6.0,13.0,22.0,16.0,4,no
296,DODGE Viper Convertible,8.4,10,Man-6,2WD,Gasoline,small car,6.0,13.0,22.0,16.0,4,no
297,FERRARI 599 GTB Fiorano,5.9,12,Auto-6,2WD,Gasoline,small car,6.0,11.0,15.0,12.0,0,no
298,FERRARI 599 GTB Fiorano,5.9,12,Man-6,2WD,Gasoline,small car,6.0,11.0,15.0,12.0,0,no
299,FERRARI 612 Scaglietti,5.7,12,Auto-6,2WD,Gasoline,midsize car,6.0,9.0,16.0,11.0,0,no
300,FERRARI 612 Scaglietti,5.7,12,Man-6,2WD,Gasoline,midsize car,6.0,10.0,15.0,12.0,0,no
301,FORD Edge,3.5,6,Auto-L6,2WD,Gasoline,SUV,7.0,16.0,24.0,19.0,5,no
302,FORD Edge,3.5,6,Auto-L6,4WD,Gasoline,SUV,7.0,15.0,22.0,18.0,5,no
303,FORD Escape,2.3,4,Man-5,2WD,Gasoline,SUV,7.0,22.0,28.0,24.0,7,yes
304,FORD Escape,2.3,4,Auto-L4,2WD,Gasoline,SUV,6.0,20.0,26.0,22.0,6,no
305,FORD Escape,2.3,4,Auto-L4,4WD,Gasoline,SUV,6.0,19.0,24.0,21.0,6,no
306,FORD Escape,3.0,6,Auto-L4,2WD,Gasoline,SUV,6.0,18.0,24.0,20.0,6,no
307,FORD Escape,3.0,6,Auto-L4,4WD,Gasoline,SUV,6.0,17.0,22.0,19.0,5,no
308,FORD Escape Hybrid,2.3,4,Auto-AV,2WD,Gasoline,SUV,9.5,34.0,30.0,32.0,9,yes
309,FORD Escape Hybrid,2.3,4,Auto-AV,4WD,Gasoline,SUV,9.5,29.0,27.0,28.0,8,yes
310,FORD Expedition,5.4,8,Auto-L6,2WD,Gasoline,SUV,7.0,12.0,18.0,14.0,2,no
311,FORD Explorer,4.0,6,Auto-L5,2WD,Gasoline,SUV,7.0,14.0,20.0,16.0,4,no
312,FORD Explorer,4.0,6,Auto-L5,4WD,Gasoline,SUV,7.0,13.0,19.0,15.0,3,no
313,FORD Explorer,4.6,8,Auto-L6,2WD,Gasoline,SUV,7.0,13.0,20.0,16.0,4,no
314,FORD Explorer,4.6,8,Auto-L6,4WD,Gasoline,SUV,7.0,13.0,19.0,15.0,3,no
315,FORD Explorer Sport Trac,4.0,6,Auto-L5,2WD,Gasoline,pickup,7.0,14.0,20.0,16.0,4,no
316,FORD Explorer Sport Trac,4.0,6,Auto-L5,4WD,Gasoline,pickup,7.0,13.0,19.0,15.0,3,no
317,FORD Explorer Sport Trac,4.6,8,Auto-L6,2WD,Gasoline,pickup,7.0,13.0,20.0,16.0,4,no
318,FORD Explorer Sport Trac,4.6,8,Auto-L6,4WD,Gasoline,pickup,7.0,13.0,19.0,15.0,3,no
319,FORD F150,5.4,8,Auto-L4,2WD,Gasoline,pickup,7.0,13.0,17.0,14.0,2,no
320,FORD F150,5.4,8,Auto-L4,4WD,Gasoline,pickup,7.0,13.0,17.0,14.0,2,no
321,FORD F150,4.2,6,Auto-L4,2WD,Gasoline,pickup,6.0,14.0,19.0,16.0,4,no
322,FORD F150,4.2,6,Man-5,2WD,Gasoline,pickup,6.0,14.0,20.0,16.0,4,no
323,FORD F150,4.6,8,Auto-L4,2WD,Gasoline,pickup,6.0,14.0,19.0,16.0,4,no
324,FORD F150,4.6,8,Auto-L4,4WD,Gasoline,pickup,6.0,13.0,17.0,14.0,2,no
325,FORD F150 STX SE,5.4,8,Auto-L4,2WD,Gasoline,pickup,7.0,14.0,19.0,15.0,3,no
326,FORD Focus,2.0,4,Auto-L4,2WD,Gasoline,small car,9.5,24.0,33.0,28.0,8,yes
327,FORD Focus,2.0,4,Man-5,2WD,Gasoline,small car,9.5,24.0,35.0,28.0,8,yes
328,FORD Fusion,2.3,4,Auto-L5,2WD,Gasoline,midsize car,9.5,20.0,28.0,23.0,7,yes
329,FORD Fusion,3.0,6,Auto-L6,4WD,Gasoline,midsize car,7.0,17.0,25.0,20.0,6,yes
330,FORD Fusion,3.0,6,Auto-L6,2WD,Gasoline,midsize car,7.0,18.0,26.0,21.0,6,yes
331,FORD Mustang,4.0,6,Auto-L5,2WD,Gasoline,small car,7.0,16.0,24.0,19.0,5,no
332,FORD Mustang,4.0,6,Man-5,2WD,Gasoline,small car,7.0,17.0,26.0,20.0,6,yes
333,FORD Mustang,4.6,8,Auto-L5,2WD,Gasoline,small car,7.0,15.0,22.0,18.0,5,no
334,FORD Mustang,4.6,8,Man-5,2WD,Gasoline,small car,7.0,15.0,23.0,18.0,5,no
335,FORD Mustang,4.6,8,Auto-L5,2WD,Gasoline,small car,6.0,15.0,22.0,18.0,5,no
336,FORD Mustang,4.6,8,Man-5,2WD,Gasoline,small car,6.0,15.0,23.0,18.0,5,no
337,FORD Mustang,5.4,8,Man-6,2WD,Gasoline,small car,6.0,14.0,20.0,16.0,4,no
338,FORD Ranger,2.3,4,Auto-L5,2WD,Gasoline,pickup,7.0,19.0,24.0,21.0,6,yes
339,FORD Ranger,2.3,4,Man-5,2WD,Gasoline,pickup,7.0,21.0,26.0,23.0,7,yes
340,FORD Ranger,3.0,6,Auto-L5,2WD,Gasoline,pickup,7.0,15.0,20.0,17.0,4,no
341,FORD Ranger,3.0,6,Man-5,2WD,Gasoline,pickup,7.0,16.0,22.0,18.0,5,no
342,FORD Ranger,3.0,6,Auto-L5,4WD,Gasoline,pickup,7.0,14.0,19.0,16.0,4,no
343,FORD Ranger,3.0,6,Man-5,4WD,Gasoline,pickup,7.0,15.0,20.0,17.0,4,no
344,FORD Ranger,4.0,6,Man-5,2WD,Gasoline,pickup,6.0,15.0,20.0,17.0,4,no
345,FORD Ranger,4.0,6,Auto-L5,2WD,Gasoline,pickup,6.0,15.0,20.0,17.0,4,no
346,FORD Ranger,4.0,6,Auto-L5,4WD,Gasoline,pickup,6.0,14.0,17.0,15.0,3,no
347,FORD Ranger,4.0,6,Man-5,4WD,Gasoline,pickup,6.0,15.0,19.0,16.0,4,no
348,FORD Taurus,3.5,6,Auto-L6,4WD,Gasoline,large car,9.5,17.0,24.0,19.0,5,no
349,FORD Taurus,3.5,6,Auto-L6,2WD,Gasoline,large car,9.5,18.0,28.0,22.0,6,yes
350,FORD Taurus X,3.5,6,Auto-L6,2WD,Gasoline,SUV,9.5,16.0,24.0,19.0,5,no
351,FORD Taurus X,3.5,6,Auto-L6,4WD,Gasoline,SUV,9.5,15.0,22.0,18.0,5,no
352,GMC Acadia,3.6,6,Auto-L6,2WD,Gasoline,SUV,6.0,16.0,24.0,19.0,5,no
353,GMC Acadia,3.6,6,Auto-L6,4WD,Gasoline,SUV,6.0,16.0,22.0,18.0,5,no
354,GMC Envoy,5.3,8,Auto-L4,2WD,Gasoline,SUV,6.0,14.0,20.0,17.0,4,no
355,GMC Envoy,5.3,8,Auto-L4,4WD,Gasoline,SUV,6.0,13.0,19.0,16.0,4,no
356,GMC Savana 1500,4.3,6,Auto-L4,2WD,Gasoline,van,6.0,15.0,20.0,17.0,4,no
357,GMC Savana 1500,5.3,8,Auto-L4,4WD,Gasoline,van,6.0,12.0,16.0,14.0,2,no
358,GMC Savana 1500,5.3,8,Auto-L4,2WD,Gasoline,van,6.0,12.0,16.0,14.0,2,no
359,GMC Savana 1500,5.3,8,Auto-L4,4WD,Gasoline,van,6.0,13.0,17.0,15.0,3,no
360,GMC Savana 1500,5.3,8,Auto-L4,2WD,Gasoline,van,6.0,14.0,18.0,15.0,3,no
361,GMC Savana 2500,4.3,6,Auto-L4,2WD,Gasoline,van,6.0,15.0,20.0,17.0,4,no
362,GMC Savana 2500,5.3,8,Auto-L4,2WD,Gasoline,van,6.0,12.0,16.0,14.0,2,no
363,GMC Savana 2500,5.3,8,Auto-L4,4WD,Gasoline,van,6.0,13.0,17.0,15.0,3,no
364,GMC Savana 2500,5.3,8,Auto-L4,2WD,Gasoline,van,6.0,14.0,18.0,15.0,3,no
365,GMC Sierra 15,4.3,6,Auto-L4,2WD,Gasoline,pickup,6.0,15.0,20.0,17.0,4,no
366,GMC Sierra 15,4.3,6,Auto-L4,4WD,Gasoline,pickup,6.0,14.0,18.0,15.0,3,no
367,GMC Sierra 15,6.0,8,Auto-L4,2WD,Gasoline,pickup,6.0,13.0,18.0,15.0,3,no
368,GMC Sierra 15,6.2,8,Auto-L6,2WD,Gasoline,pickup,6.0,12.0,19.0,15.0,3,no
369,GMC Sierra 15,6.2,8,Auto-L6,4WD,Gasoline,pickup,6.0,12.0,18.0,14.0,2,no
370,GMC Yukon 1500,6.0,8,Auto-L4,2WD,Gasoline,SUV,6.0,12.0,17.0,14.0,2,no
371,GMC Yukon 1500,6.2,8,Auto-L6,2WD,Gasoline,SUV,6.0,12.0,19.0,14.0,2,no
372,GMC Yukon 1500,6.2,8,Auto-L6,4WD,Gasoline,SUV,6.0,12.0,18.0,14.0,2,no
373,GMC Yukon 1500 Hybrid,6.0,8,Auto-AV,2WD,Gasoline,SUV,6.0,21.0,22.0,21.0,6,no
374,GMC Yukon 1500 Hybrid,6.0,8,Auto-AV,4WD,Gasoline,SUV,6.0,20.0,20.0,20.0,6,no
375,HONDA Accord,2.4,4,Auto-L5,2WD,Gasoline,large car,9.5,21.0,31.0,24.0,7,yes
376,HONDA Accord,2.4,4,Auto-L5,2WD,Gasoline,small car,9.5,21.0,30.0,24.0,7,yes
377,HONDA Accord,3.5,6,Auto-L5,2WD,Gasoline,large car,9.5,19.0,29.0,22.0,6,yes
378,HONDA Accord,3.5,6,Auto-L5,2WD,Gasoline,small car,9.5,19.0,28.0,22.0,6,yes
379,HONDA Accord,2.4,4,Auto-L5,2WD,Gasoline,large car,7.0,21.0,31.0,24.0,7,yes
380,HONDA Accord,2.4,4,Man-5,2WD,Gasoline,large car,7.0,22.0,31.0,25.0,7,yes
381,HONDA Accord,2.4,4,Auto-L5,2WD,Gasoline,small car,7.0,21.0,30.0,24.0,7,yes
382,HONDA Accord,2.4,4,Man-5,2WD,Gasoline,small car,7.0,22.0,31.0,25.0,7,yes
383,HONDA Accord,3.5,6,Auto-L5,2WD,Gasoline,large car,7.0,19.0,29.0,22.0,6,yes
384,HONDA Accord,3.5,6,Man-6,2WD,Gasoline,small car,7.0,17.0,25.0,20.0,6,yes
385,HONDA Accord,3.5,6,Auto-L5,2WD,Gasoline,small car,7.0,19.0,28.0,22.0,6,yes
386,HONDA CR-V,2.4,4,Auto-L5,2WD,Gasoline,SUV,7.0,20.0,27.0,23.0,7,yes
387,HONDA CR-V,2.4,4,Auto-L5,4WD,Gasoline,SUV,7.0,20.0,26.0,22.0,6,yes
388,HONDA Civic,1.8,4,Auto-L5,2WD,CNG,small car,9.5,24.0,36.0,28.0,9,yes
389,HONDA Civic,1.8,4,Auto-L5,2WD,Gasoline,small car,7.0,25.0,36.0,29.0,8,yes
390,HONDA Civic,1.8,4,Man-5,2WD,Gasoline,small car,7.0,26.0,34.0,29.0,8,yes
391,HONDA Civic,2.0,4,Man-6,2WD,Gasoline,small car,6.0,21.0,29.0,24.0,7,yes
392,HONDA Civic Hybrid,1.3,4,Auto-AV,2WD,Gasoline,small car,9.5,40.0,45.0,42.0,10,yes
393,HONDA Element,2.4,4,Man-5,2WD,Gasoline,SUV,6.0,18.0,23.0,20.0,6,no
394,HONDA Element,2.4,4,Auto-L5,2WD,Gasoline,SUV,6.0,20.0,25.0,22.0,6,no
395,HONDA Element,2.4,4,Man-5,4WD,Gasoline,SUV,6.0,18.0,23.0,20.0,6,no
396,HONDA Element,2.4,4,Auto-L5,4WD,Gasoline,SUV,6.0,19.0,24.0,21.0,6,no
397,HONDA Fit,1.5,4,Auto-S5,2WD,Gasoline,station wagon,6.0,27.0,33.0,29.0,8,yes
398,HONDA Fit,1.5,4,Auto-L5,2WD,Gasoline,station wagon,6.0,27.0,34.0,30.0,8,yes
399,HONDA Fit,1.5,4,Man-5,2WD,Gasoline,station wagon,6.0,28.0,34.0,31.0,9,yes
400,HONDA Odyssey,3.5,6,Auto-L5,2WD,Gasoline,minivan,7.0,16.0,23.0,18.0,5,no
401,HONDA Odyssey,3.5,6,Auto-L5,2WD,Gasoline,minivan,7.0,17.0,25.0,20.0,6,no
402,HONDA Pilot,3.5,6,Auto-L5,2WD,Gasoline,SUV,7.0,16.0,22.0,18.0,5,no
403,HONDA Pilot,3.5,6,Auto-L5,4WD,Gasoline,SUV,7.0,15.0,20.0,17.0,4,no
404,HONDA Ridgeline,3.5,6,Auto-L5,4WD,Gasoline,pickup,7.0,15.0,20.0,17.0,4,no
405,HONDA S2000,2.2,4,Man-6,2WD,Gasoline,small car,6.0,18.0,25.0,21.0,6,no
406,HUMMER H3,3.7,5,Man-5,4WD,Gasoline,SUV,6.0,13.0,18.0,15.0,3,no
407,HUMMER H3,3.7,5,Auto-L4,4WD,Gasoline,SUV,6.0,14.0,18.0,15.0,3,no
408,HYUNDAI Accent,1.6,4,Auto-L4,2WD,Gasoline,small car,7.0,24.0,33.0,28.0,8,yes
409,HYUNDAI Accent,1.6,4,Man-5,2WD,Gasoline,small car,7.0,27.0,32.0,29.0,8,yes
410,HYUNDAI Azera,3.3,6,Auto-L5,2WD,Gasoline,large car,7.0,18.0,26.0,21.0,6,yes
411,HYUNDAI Azera,3.8,6,Auto-L5,2WD,Gasoline,large car,7.0,17.0,26.0,20.0,6,yes
412,HYUNDAI Elantra,2.0,4,Auto-L4,2WD,Gasoline,midsize car,9.5,25.0,33.0,28.0,8,yes
413,HYUNDAI Elantra,2.0,4,Man-5,2WD,Gasoline,midsize car,7.0,24.0,33.0,27.0,8,yes
414,HYUNDAI Elantra,2.0,4,Auto-L4,2WD,Gasoline,midsize car,7.0,25.0,33.0,28.0,8,yes
415,HYUNDAI Entourage,3.8,6,Auto-L5,2WD,Gasoline,minivan,7.0,16.0,23.0,18.0,5,no
416,HYUNDAI Santa Fe,2.7,6,Man-5,2WD,Gasoline,SUV,7.0,17.0,24.0,20.0,6,yes
417,HYUNDAI Santa Fe,2.7,6,Auto-L4,2WD,Gasoline,SUV,7.0,18.0,24.0,20.0,6,yes
418,HYUNDAI Santa Fe,2.7,6,Auto-L4,4WD,Gasoline,SUV,7.0,17.0,23.0,19.0,5,no
419,HYUNDAI Santa Fe,2.7,6,Man-5,4WD,Gasoline,SUV,7.0,17.0,23.0,19.0,5,no
420,HYUNDAI Santa Fe,3.3,6,Auto-L5,2WD,Gasoline,SUV,7.0,17.0,24.0,20.0,6,yes
421,HYUNDAI Santa Fe,3.3,6,Auto-L5,4WD,Gasoline,SUV,7.0,17.0,24.0,19.0,5,no
422,HYUNDAI Sonata,2.4,4,Auto-L4,2WD,Gasoline,large car,7.0,21.0,30.0,24.0,7,yes
423,HYUNDAI Sonata,2.4,4,Man-5,2WD,Gasoline,large car,7.0,21.0,31.0,25.0,7,yes
424,HYUNDAI Sonata,3.3,6,Auto-L5,2WD,Gasoline,large car,7.0,19.0,28.0,22.0,6,yes
425,HYUNDAI Tiburon,2.0,4,Auto-L4,2WD,Gasoline,small car,7.0,20.0,27.0,22.0,6,yes
426,HYUNDAI Tiburon,2.0,4,Man-5,2WD,Gasoline,small car,7.0,20.0,28.0,23.0,7,yes
427,HYUNDAI Tiburon,2.7,6,Man-6,2WD,Gasoline,small car,6.0,16.0,24.0,19.0,5,no
428,HYUNDAI Tiburon,2.7,6,Auto-L4,2WD,Gasoline,small car,6.0,17.0,24.0,20.0,6,no
429,HYUNDAI Tiburon,2.7,6,Man-5,2WD,Gasoline,small car,6.0,17.0,24.0,20.0,6,no
430,HYUNDAI Tucson,2.0,4,Auto-L4,2WD,Gasoline,SUV,7.0,19.0,25.0,22.0,6,yes
431,HYUNDAI Tucson,2.0,4,Man-5,2WD,Gasoline,SUV,7.0,20.0,25.0,22.0,6,yes
432,HYUNDAI Tucson,2.0,4,Man-5,4WD,Gasoline,SUV,7.0,19.0,24.0,21.0,6,yes
433,HYUNDAI Tucson,2.7,6,Auto-L4,2WD,Gasoline,SUV,6.0,18.0,24.0,20.0,6,no
434,HYUNDAI Tucson,2.7,6,Auto-L4,4WD,Gasoline,SUV,6.0,17.0,23.0,19.0,5,no
435,HYUNDAI Veracruz,3.8,6,Auto-L6,2WD,Gasoline,SUV,6.0,16.0,23.0,18.0,5,no
436,HYUNDAI Veracruz,3.8,6,Auto-L6,4WD,Gasoline,SUV,6.0,15.0,22.0,18.0,5,no
437,INFINITI FX35,3.5,6,Auto-S5,2WD,Gasoline,SUV,6.0,15.0,22.0,18.0,5,no
438,INFINITI FX35,3.5,6,Auto-S5,4WD,Gasoline,SUV,6.0,15.0,20.0,17.0,4,no
439,INFINITI FX45,4.5,8,Auto-S5,4WD,Gasoline,SUV,6.0,13.0,17.0,14.0,2,no
440,INFINITI G35,3.5,6,Auto-S5,2WD,Gasoline,midsize car,7.0,17.0,24.0,20.0,6,yes
441,INFINITI G35,3.5,6,Man-6,2WD,Gasoline,midsize car,7.0,17.0,25.0,20.0,6,yes
442,INFINITI G35X,3.5,6,Auto-S5,4WD,Gasoline,midsize car,7.0,17.0,23.0,19.0,5,no
443,INFINITI G37,3.7,6,Man-6,2WD,Gasoline,small car,7.0,17.0,26.0,20.0,6,yes
444,INFINITI G37,3.7,6,Auto-S5,2WD,Gasoline,small car,7.0,18.0,24.0,20.0,6,yes
445,INFINITI M35,3.5,6,Auto-S5,2WD,Gasoline,large car,6.0,16.0,23.0,19.0,5,no
446,INFINITI M35X,3.5,6,Auto-S5,4WD,Gasoline,large car,6.0,16.0,22.0,18.0,5,no
447,INFINITI M45,4.5,8,Auto-S5,2WD,Gasoline,large car,6.0,16.0,21.0,18.0,5,no
448,INFINITI M45X,4.5,8,Auto-S5,4WD,Gasoline,large car,6.0,14.0,20.0,16.0,4,no
449,INFINITI QX56,5.6,8,Auto-L5,2WD,Gasoline,SUV,6.0,12.0,18.0,14.0,2,no
450,INFINITI QX56,5.6,8,Auto-L5,4WD,Gasoline,SUV,6.0,12.0,17.0,14.0,2,no
451,JEEP Commander,3.7,6,Auto-L5,2WD,Gasoline,SUV,6.0,14.0,19.0,16.0,4,no
452,JEEP Commander,3.7,6,Auto-L5,4WD,Gasoline,SUV,6.0,14.0,19.0,16.0,4,no
453,JEEP Commander,4.7,8,Auto-L5,2WD,Gasoline,SUV,6.0,14.0,19.0,15.0,3,no
454,JEEP Commander,4.7,8,Auto-L5,4WD,Gasoline,SUV,6.0,13.0,18.0,14.0,2,no
455,JEEP Commander,5.7,8,Auto-L5,2WD,Gasoline,SUV,6.0,13.0,19.0,15.0,3,no
456,JEEP Commander,5.7,8,Auto-L5,4WD,Gasoline,SUV,6.0,13.0,17.0,14.0,2,no
457,JEEP Compass,2.4,4,Man-5,2WD,Gasoline,SUV,7.0,23.0,28.0,25.0,7,yes
458,JEEP Compass,2.4,4,Auto-AV,4WD,Gasoline,SUV,7.0,21.0,24.0,22.0,6,yes
459,JEEP Compass,2.4,4,Man-5,4WD,Gasoline,SUV,7.0,22.0,27.0,24.0,7,yes
460,JEEP Grand Cherokee,3.7,6,Auto-L5,2WD,Gasoline,SUV,6.0,15.0,20.0,17.0,4,no
461,JEEP Grand Cherokee,3.7,6,Auto-L5,4WD,Gasoline,SUV,6.0,15.0,19.0,17.0,4,no
462,JEEP Grand Cherokee,4.7,8,Auto-L5,2WD,Gasoline,SUV,6.0,14.0,19.0,15.0,3,no
463,JEEP Grand Cherokee,4.7,8,Auto-L5,4WD,Gasoline,SUV,6.0,14.0,19.0,15.0,3,no
464,JEEP Grand Cherokee,5.7,8,Auto-L5,2WD,Gasoline,SUV,6.0,13.0,19.0,15.0,3,no
465,JEEP Grand Cherokee,5.7,8,Auto-L5,4WD,Gasoline,SUV,6.0,13.0,18.0,15.0,3,no
466,JEEP Grand Cherokee,6.1,8,Auto-L5,4WD,Gasoline,SUV,6.0,11.0,14.0,12.0,0,no
467,JEEP Liberty,3.7,6,Auto-L4,2WD,Gasoline,SUV,7.0,16.0,22.0,18.0,5,no
468,JEEP Liberty,3.7,6,Auto-L4,4WD,Gasoline,SUV,7.0,15.0,21.0,17.0,4,no
469,JEEP Liberty,3.7,6,Auto-L4,2WD,Gasoline,SUV,6.0,16.0,22.0,18.0,5,no
470,JEEP Liberty,3.7,6,Man-6,2WD,Gasoline,SUV,6.0,16.0,22.0,19.0,5,no
471,JEEP Liberty,3.7,6,Auto-L4,4WD,Gasoline,SUV,6.0,15.0,21.0,17.0,4,no
472,JEEP Liberty,3.7,6,Man-6,4WD,Gasoline,SUV,6.0,16.0,22.0,18.0,5,no
473,JEEP Patriot,2.4,4,Man-5,2WD,Gasoline,SUV,7.0,23.0,28.0,25.0,7,yes
474,JEEP Patriot,2.4,4,Auto-AV,4WD,Gasoline,SUV,7.0,20.0,22.0,21.0,6,yes
475,JEEP Patriot,2.4,4,Auto-AV,4WD,Gasoline,SUV,7.0,21.0,24.0,22.0,6,yes
476,JEEP Patriot,2.4,4,Man-5,4WD,Gasoline,SUV,7.0,22.0,27.0,24.0,7,yes
477,JEEP Wrangler,3.8,6,Auto-L4,2WD,Gasoline,SUV,7.0,15.0,20.0,17.0,4,no
478,JEEP Wrangler,3.8,6,Man-6,2WD,Gasoline,SUV,7.0,16.0,21.0,18.0,5,no
479,JEEP Wrangler,3.8,6,Man-6,4WD,Gasoline,SUV,7.0,15.0,19.0,16.0,4,no
480,JEEP Wrangler,3.8,6,Auto-L4,4WD,Gasoline,SUV,7.0,15.0,19.0,17.0,4,no
481,KIA Amanti,3.8,6,Auto-L5,2WD,Gasoline,large car,7.0,17.0,24.0,19.0,5,no
482,KIA Optima,2.4,4,Auto-L5,2WD,Gasoline,midsize car,7.0,21.0,31.0,25.0,7,yes
483,KIA Optima,2.4,4,Man-5,2WD,Gasoline,midsize car,7.0,21.0,31.0,25.0,7,yes
484,KIA Rio,1.6,4,Auto-L4,2WD,Gasoline,small car,7.0,25.0,35.0,29.0,8,yes
485,KIA Rio,1.6,4,Man-5,2WD,Gasoline,small car,7.0,27.0,32.0,29.0,8,yes
486,KIA Rondo,2.4,4,Auto-L4,2WD,Gasoline,station wagon,7.0,19.0,26.0,22.0,6,yes
487,KIA Rondo,2.7,6,Auto-L5,2WD,Gasoline,station wagon,7.0,18.0,26.0,21.0,6,yes
488,KIA Sedona,3.8,6,Auto-L5,2WD,Gasoline,minivan,7.0,16.0,23.0,18.0,5,no
489,KIA Sorento,3.8,6,Auto-L5,2WD,Gasoline,SUV,6.0,15.0,21.0,17.0,4,no
490,KIA Sorento,3.8,6,Auto-L5,4WD,Gasoline,SUV,6.0,15.0,20.0,17.0,4,no
491,KIA Spectra,2.0,4,Auto-L4,2WD,Gasoline,midsize car,9.5,24.0,32.0,27.0,8,yes
492,KIA Spectra,2.0,4,Man-5,2WD,Gasoline,midsize car,7.0,23.0,30.0,26.0,8,yes
493,KIA Spectra,2.0,4,Auto-L4,2WD,Gasoline,midsize car,7.0,24.0,32.0,27.0,8,yes
494,KIA Sportage,2.0,4,Auto-L4,2WD,Gasoline,SUV,7.0,19.0,25.0,21.0,6,yes
495,KIA Sportage,2.0,4,Man-5,2WD,Gasoline,SUV,7.0,20.0,25.0,22.0,6,yes
496,KIA Sportage,2.0,4,Man-5,4WD,Gasoline,SUV,7.0,19.0,24.0,21.0,6,yes
497,KIA Sportage,2.7,6,Auto-L4,2WD,Gasoline,SUV,6.0,17.0,23.0,20.0,6,no
498,KIA Sportage,2.7,6,Auto-L4,4WD,Gasoline,SUV,6.0,17.0,21.0,19.0,5,no
499,LAMBORGHINI Gallardo Coupe,5.0,10,Man-6,4WD,Gasoline,small car,6.0,10.0,17.0,13.0,1,no
500,LAMBORGHINI Gallardo Coupe,5.0,10,Auto-S6,4WD,Gasoline,small car,6.0,11.0,17.0,13.0,1,no
501,LAMBORGHINI Gallardo Spyder,5.0,10,Man-6,4WD,Gasoline,small car,6.0,10.0,15.0,12.0,0,no
502,LAMBORGHINI Gallardo Spyder,5.0,10,Auto-S6,4WD,Gasoline,small car,6.0,10.0,16.0,12.0,0,no
503,LAMBORGHINI Murcielago,6.5,12,Man-6,4WD,Gasoline,small car,6.0,8.0,13.0,10.0,0,no
504,LAMBORGHINI Murcielago,6.5,12,Auto-S6,4WD,Gasoline,small car,6.0,9.0,14.0,11.0,0,no
505,LAMBORGHINI Murcielago Reventon,6.5,12,Auto-S6,4WD,Gasoline,small car,6.0,9.0,14.0,11.0,0,no
506,LAMBORGHINI Murcielago Roadster,6.5,12,Man-6,4WD,Gasoline,small car,6.0,8.0,13.0,10.0,0,no
507,LAMBORGHINI Murcielago Roadster,6.5,12,Auto-S6,4WD,Gasoline,small car,6.0,9.0,14.0,11.0,0,no
508,LAND ROVER LR2,3.2,6,Auto-S6,4WD,Gasoline,SUV,7.0,16.0,23.0,18.0,5,no
509,LAND ROVER LR3,4.4,8,Auto-S6,4WD,Gasoline,SUV,7.0,12.0,17.0,14.0,2,no
510,LAND ROVER Range Rover,4.2,8,Auto-S6,4WD,Gasoline,SUV,6.0,12.0,18.0,14.0,2,no
511,LAND ROVER Range Rover,4.4,8,Auto-S6,4WD,Gasoline,SUV,6.0,12.0,18.0,14.0,2,no
512,LAND ROVER Range Rover Sport,4.4,8,Auto-S6,4WD,Gasoline,SUV,7.0,12.0,18.0,15.0,3,no
513,LAND ROVER Range Rover Sport,4.2,8,Auto-S6,4WD,Gasoline,SUV,6.0,12.0,18.0,14.0,2,no
514,LEXUS ES 350,3.5,6,Auto-S6,2WD,Gasoline,midsize car,7.0,19.0,27.0,22.0,6,yes
515,LEXUS GS 350,3.5,6,Auto-S6,4WD,Gasoline,midsize car,7.0,18.0,25.0,20.0,6,yes
516,LEXUS GS 350,3.5,6,Auto-S6,2WD,Gasoline,midsize car,7.0,19.0,27.0,22.0,6,yes
517,LEXUS GS 450h,3.5,6,Auto-S6,2WD,Gasoline,small car,9.0,22.0,25.0,23.0,7,yes
518,LEXUS GS 460,4.6,8,S8,2WD,Gasoline,midsize car,7.0,17.0,24.0,20.0,6,yes
519,LEXUS GX 470,4.7,8,Auto-L5,4WD,Gasoline,SUV,7.0,14.0,18.0,15.0,3,no
520,LEXUS IS 250,2.5,6,Man-6,2WD,Gasoline,small car,7.0,18.0,26.0,21.0,6,yes
521,LEXUS IS 250,2.5,6,Auto-S6,4WD,Gasoline,small car,7.0,20.0,26.0,22.0,6,yes
522,LEXUS IS 250,2.5,6,Auto-S6,2WD,Gasoline,small car,7.0,21.0,29.0,24.0,7,yes
523,LEXUS IS 350,3.5,6,Auto-S6,2WD,Gasoline,small car,7.0,18.0,25.0,20.0,6,yes
524,LEXUS LS 460,4.6,8,S8,2WD,Gasoline,midsize car,7.0,16.0,24.0,19.0,5,no
525,LEXUS LS 460 L,4.6,8,S8,2WD,Gasoline,midsize car,7.0,16.0,24.0,19.0,5,no
526,LEXUS LS 600HL,5.0,8,S8,4WD,Gasoline,midsize car,9.0,20.0,22.0,21.0,6,yes
527,LEXUS LX 570,5.7,8,Auto-S6,4WD,Gasoline,SUV,7.0,12.0,18.0,14.0,2,no
528,LEXUS RX 350,3.5,6,Auto-L5,2WD,Gasoline,SUV,7.0,18.0,23.0,20.0,6,yes
529,LEXUS RX 350,3.5,6,Auto-S5,2WD,Gasoline,SUV,7.0,18.0,23.0,20.0,6,yes
530,LEXUS RX 350,3.5,6,Auto-L5,4WD,Gasoline,SUV,7.0,17.0,22.0,19.0,5,no
531,LEXUS RX 350,3.5,6,Auto-S5,4WD,Gasoline,SUV,7.0,17.0,22.0,19.0,5,no
532,LEXUS RX 400H,3.3,6,Auto-AV,2WD,Gasoline,SUV,9.0,27.0,24.0,25.0,7,yes
533,LEXUS RX 400H,3.3,6,Auto-AV,4WD,Gasoline,SUV,9.0,26.0,24.0,25.0,7,yes
534,LEXUS SC 430,4.3,8,Auto-S6,2WD,Gasoline,small car,6.0,16.0,23.0,19.0,5,no
535,LINCOLN MKX,3.5,6,Auto-L6,2WD,Gasoline,SUV,7.0,16.0,24.0,19.0,5,no
536,LINCOLN MKX,3.5,6,Auto-L6,4WD,Gasoline,SUV,7.0,15.0,22.0,18.0,5,no
537,LINCOLN MKZ,3.5,6,Auto-L6,4WD,Gasoline,midsize car,7.0,17.0,24.0,19.0,5,no
538,LINCOLN MKZ,3.5,6,Auto-L6,2WD,Gasoline,midsize car,7.0,18.0,28.0,22.0,6,yes
539,LINCOLN Mark LT,5.4,8,Auto-L4,2WD,Gasoline,pickup,7.0,12.0,16.0,14.0,2,no
540,LINCOLN Mark LT,5.4,8,Auto-L4,4WD,Gasoline,pickup,7.0,13.0,17.0,14.0,2,no
541,LINCOLN Navigator,5.4,8,Auto-L6,2WD,Gasoline,SUV,7.0,12.0,18.0,14.0,2,no
542,LOTUS Elise,1.8,4,Man-6,2WD,Gasoline,small car,6.0,20.0,26.0,22.0,6,no
543,LOTUS Elise,1.8,4,Man-6,2WD,Gasoline,small car,6.0,21.0,27.0,23.0,7,no
544,LOTUS Exige,1.8,4,Man-6,2WD,Gasoline,small car,6.0,20.0,26.0,22.0,6,no
545,LOTUS Exige,1.8,4,Man-6,2WD,Gasoline,small car,6.0,21.0,27.0,23.0,7,no
546,MASERATI Granturismo,4.2,8,Auto-6,2WD,Gasoline,small car,6.0,14.0,21.0,17.0,4,no
547,MASERATI Quattroporte,4.2,8,Auto-6,2WD,Gasoline,large car,6.0,13.0,19.0,15.0,3,no
548,MAZDA 3,2.0,4,Auto-S4,2WD,Gasoline,small car,9.5,23.0,31.0,26.0,8,yes
549,MAZDA 3,2.0,4,Man-5,2WD,Gasoline,small car,9.5,24.0,32.0,27.0,8,yes
550,MAZDA 3,2.3,4,Auto-S5,2WD,Gasoline,small car,9.5,22.0,29.0,24.0,7,yes
551,MAZDA 3,2.3,4,Man-5,2WD,Gasoline,small car,9.5,22.0,29.0,25.0,7,yes
552,MAZDA 3,2.3,4,Man-6,2WD,Gasoline,midsize car,7.0,18.0,26.0,20.0,6,yes
553,MAZDA 5,2.3,4,Auto-S5,2WD,Gasoline,minivan,6.0,21.0,27.0,23.0,7,yes
554,MAZDA 5,2.3,4,Man-5,2WD,Gasoline,minivan,6.0,22.0,28.0,24.0,7,yes
555,MAZDA 6,2.3,4,Auto-S5,2WD,Gasoline,midsize car,9.5,21.0,28.0,24.0,7,yes
556,MAZDA 6,3.0,6,Man-5,2WD,Gasoline,midsize car,7.0,17.0,25.0,20.0,6,yes
557,MAZDA 6,3.0,6,Auto-S6,2WD,Gasoline,midsize car,7.0,18.0,25.0,20.0,6,yes
558,MAZDA 6,2.3,4,Auto-S5,2WD,Gasoline,midsize car,6.0,21.0,28.0,24.0,7,yes
559,MAZDA 6,2.3,4,Man-5,2WD,Gasoline,midsize car,6.0,21.0,29.0,24.0,7,yes
560,MAZDA B2300,2.3,4,Auto-L5,2WD,Gasoline,pickup,7.0,19.0,24.0,21.0,6,yes
561,MAZDA B2300,2.3,4,Man-5,2WD,Gasoline,pickup,7.0,21.0,26.0,23.0,7,yes
562,MAZDA B3000,3.0,6,Auto-L5,2WD,Gasoline,pickup,7.0,15.0,20.0,17.0,4,no
563,MAZDA B4000,4.0,6,Auto-L5,2WD,Gasoline,pickup,6.0,15.0,20.0,17.0,4,no
564,MAZDA B4000,4.0,6,Auto-L5,4WD,Gasoline,pickup,6.0,14.0,17.0,15.0,3,no
565,MAZDA B4000,4.0,6,Man-5,4WD,Gasoline,pickup,6.0,15.0,19.0,16.0,4,no
566,MAZDA CX-7,2.3,4,Auto-S6,2WD,Gasoline,SUV,6.0,17.0,23.0,19.0,5,no
567,MAZDA CX-7,2.3,4,Auto-S6,4WD,Gasoline,SUV,6.0,16.0,22.0,18.0,5,no
568,MAZDA CX-9,3.7,6,Auto-S6,2WD,Gasoline,SUV,7.0,16.0,22.0,18.0,5,no
569,MAZDA CX-9,3.7,6,Auto-S6,4WD,Gasoline,SUV,7.0,15.0,21.0,17.0,4,no
570,MAZDA MX-5,2.0,4,Auto-S6,2WD,Gasoline,small car,7.0,20.0,27.0,23.0,7,yes
571,MAZDA MX-5,2.0,4,Man-6,2WD,Gasoline,small car,7.0,21.0,28.0,24.0,7,yes
572,MAZDA MX-5,2.0,4,Man-5,2WD,Gasoline,small car,7.0,22.0,27.0,24.0,7,yes
573,MAZDA RX-8,1.3,2,Man-6,2WD,Gasoline,small car,6.0,16.0,22.0,18.0,5,no
574,MAZDA RX-8,1.3,2,Auto-S6,2WD,Gasoline,small car,6.0,16.0,23.0,19.0,5,no
575,MAZDA Tribute,2.3,4,Man-5,2WD,Gasoline,SUV,7.0,22.0,28.0,24.0,7,yes
576,MAZDA Tribute,2.3,4,Auto-L4,2WD,Gasoline,SUV,6.0,20.0,26.0,22.0,6,no
577,MAZDA Tribute,2.3,4,Auto-L4,4WD,Gasoline,SUV,6.0,19.0,24.0,21.0,6,no
578,MAZDA Tribute,3.0,6,Auto-L4,2WD,Gasoline,SUV,6.0,18.0,24.0,20.0,6,no
579,MAZDA Tribute,3.0,6,Auto-L4,4WD,Gasoline,SUV,6.0,17.0,22.0,19.0,5,no
580,MAZDA Tribute Hybrid,2.3,4,Auto-AV,2WD,Gasoline,SUV,9.5,34.0,30.0,32.0,9,yes
581,MAZDA Tribute Hybrid,2.3,4,Auto-AV,4WD,Gasoline,SUV,9.5,29.0,27.0,28.0,8,yes
582,MERCEDES-BENZ CL550,5.5,8,Auto-L7,2WD,Gasoline,small car,7.0,14.0,21.0,17.0,4,no
583,MERCEDES-BENZ CL600,5.5,12,Auto-L5,2WD,Gasoline,small car,6.0,11.0,17.0,13.0,1,no
584,MERCEDES-BENZ CL63 AMG,6.2,8,Auto-S7,2WD,Gasoline,small car,6.0,11.0,18.0,14.0,2,no
585,MERCEDES-BENZ CL65 AMG,5.5,12,Auto-S5,2WD,Gasoline,small car,6.0,11.0,17.0,13.0,1,no
586,MERCEDES-BENZ CLK63 AMG,6.2,8,Auto-S7,2WD,Gasoline,small car,6.0,12.0,19.0,14.0,2,no
587,MERCEDES-BENZ CLK63 AMG Cabriolet,6.2,8,Auto-S7,2WD,Gasoline,small car,6.0,12.0,18.0,14.0,2,no
588,MERCEDES-BENZ CLS63 AMG,6.2,8,Auto-S7,2WD,Gasoline,small car,6.0,12.0,18.0,14.0,2,no
589,MERCEDES-BENZ E350,3.5,6,Auto-L7,2WD,Gasoline,midsize car,9.5,17.0,24.0,19.0,5,no
590,MERCEDES-BENZ E550 4Matic,5.5,8,Auto-L7,4WD,Gasoline,midsize car,7.0,13.0,19.0,16.0,4,no
591,MERCEDES-BENZ E63 AMG,6.2,8,Auto-S7,2WD,Gasoline,midsize car,6.0,12.0,19.0,15.0,3,no
592,MERCEDES-BENZ E63 AMG Wagon,6.2,8,Auto-S7,2WD,Gasoline,station wagon,6.0,12.0,18.0,14.0,2,no
593,MERCEDES-BENZ G500,5.0,8,Auto-L7,4WD,Gasoline,SUV,6.0,12.0,15.0,13.0,1,no
594,MERCEDES-BENZ G55 AMG,5.4,8,Auto-L5,4WD,Gasoline,SUV,6.0,11.0,13.0,12.0,0,no
595,MERCEDES-BENZ GL450 4Matic,4.6,8,Auto-L7,4WD,Gasoline,SUV,7.0,13.0,18.0,15.0,3,no
596,MERCEDES-BENZ GL550 4Matic,5.5,8,Auto-L7,4WD,Gasoline,SUV,7.0,13.0,17.0,14.0,2,no
597,MERCEDES-BENZ ML350 4Matic,3.5,6,Auto-L7,4WD,Gasoline,SUV,7.0,15.0,20.0,17.0,4,no
598,MERCEDES-BENZ ML550 4Matic,5.5,8,Auto-L7,4WD,Gasoline,SUV,7.0,13.0,18.0,15.0,3,no
599,MERCEDES-BENZ Maybach 57,5.5,12,Auto-L5,2WD,Gasoline,large car,6.0,10.0,16.0,12.0,0,no
600,MERCEDES-BENZ Maybach 57S,6.0,12,Auto-L5,2WD,Gasoline,large car,6.0,10.0,16.0,12.0,0,no
601,MERCEDES-BENZ Maybach 62,5.5,12,Auto-L5,2WD,Gasoline,large car,6.0,10.0,16.0,12.0,0,no
602,MERCEDES-BENZ Maybach 62S,6.0,12,Auto-L5,2WD,Gasoline,large car,6.0,10.0,16.0,12.0,0,no
603,MERCEDES-BENZ R350,3.5,6,Auto-L7,2WD,Gasoline,SUV,7.0,15.0,20.0,17.0,4,no
604,MERCEDES-BENZ R350 4Matic,3.5,6,Auto-L7,4WD,Gasoline,SUV,7.0,15.0,19.0,16.0,4,no
605,MERCEDES-BENZ S550,5.5,8,Auto-L7,2WD,Gasoline,large car,7.0,14.0,21.0,16.0,4,no
606,MERCEDES-BENZ S550 4Matic,5.5,8,Auto-L7,4WD,Gasoline,large car,7.0,14.0,20.0,16.0,4,no
607,MERCEDES-BENZ S600,5.5,12,Auto-L5,2WD,Gasoline,large car,6.0,11.0,17.0,13.0,1,no
608,MERCEDES-BENZ S63 AMG,6.2,8,Auto-S7,2WD,Gasoline,large car,6.0,11.0,17.0,13.0,1,no
609,MERCEDES-BENZ S65 AMG,6.0,12,Auto-S5,2WD,Gasoline,large car,6.0,11.0,17.0,13.0,1,no
610,MERCEDES-BENZ SL55 AMG,5.4,8,Auto-S5,2WD,Gasoline,small car,6.0,12.0,17.0,14.0,2,no
611,MERCEDES-BENZ SL550,5.5,8,Auto-L7,2WD,Gasoline,small car,7.0,14.0,21.0,16.0,4,no
612,MERCEDES-BENZ SL600,5.5,12,Auto-L5,2WD,Gasoline,small car,6.0,11.0,18.0,14.0,2,no
613,MERCEDES-BENZ SL65 AMG,6.0,12,Auto-S5,2WD,Gasoline,small car,6.0,11.0,18.0,14.0,2,no
614,MERCEDES-BENZ SLK55 AMG,5.4,8,Auto-S7,2WD,Gasoline,small car,6.0,14.0,20.0,16.0,4,no
615,MERCEDES-BENZ SLR,5.4,8,Auto-S5,2WD,Gasoline,small car,6.0,12.0,16.0,13.0,1,no
616,MERCURY Mariner,2.3,4,Auto-L4,2WD,Gasoline,SUV,6.0,20.0,26.0,22.0,6,no
617,MERCURY Mariner,2.3,4,Auto-L4,4WD,Gasoline,SUV,6.0,19.0,24.0,21.0,6,no
618,MERCURY Mariner,3.0,6,Auto-L4,2WD,Gasoline,SUV,6.0,18.0,24.0,20.0,6,no
619,MERCURY Mariner,3.0,6,Auto-L4,4WD,Gasoline,SUV,6.0,17.0,22.0,19.0,5,no
620,MERCURY Mariner Hybrid,2.3,4,Auto-AV,2WD,Gasoline,SUV,9.5,34.0,30.0,32.0,9,yes
621,MERCURY Mariner Hybrid,2.3,4,Auto-AV,4WD,Gasoline,SUV,9.5,29.0,27.0,28.0,8,yes
622,MERCURY Milan,2.3,4,Auto-L5,2WD,Gasoline,midsize car,9.5,20.0,28.0,23.0,7,yes
623,MERCURY Milan,3.0,6,Auto-L6,4WD,Gasoline,midsize car,7.0,17.0,25.0,20.0,6,yes
624,MERCURY Milan,3.0,6,Auto-L6,2WD,Gasoline,midsize car,7.0,18.0,26.0,21.0,6,yes
625,MERCURY Mountaineer,4.0,6,Auto-L5,2WD,Gasoline,SUV,7.0,14.0,20.0,16.0,4,no
626,MERCURY Mountaineer,4.0,6,Auto-L5,4WD,Gasoline,SUV,7.0,13.0,19.0,15.0,3,no
627,MERCURY Mountaineer,4.6,8,Auto-L6,2WD,Gasoline,SUV,7.0,13.0,20.0,16.0,4,no
628,MERCURY Mountaineer,4.6,8,Auto-L6,4WD,Gasoline,SUV,7.0,13.0,19.0,15.0,3,no
629,MERCURY Sable,3.5,6,Auto-L6,4WD,Gasoline,large car,9.5,17.0,24.0,19.0,5,no
630,MERCURY Sable,3.5,6,Auto-L6,2WD,Gasoline,large car,9.5,18.0,28.0,22.0,6,yes
631,MINI Mini Cooper Convertible,1.6,4,Auto-AV,2WD,Gasoline,small car,6.0,25.0,33.0,28.0,8,yes
632,MINI Mini Cooper Convertible,1.6,4,Man-5,2WD,Gasoline,small car,6.0,26.0,35.0,29.0,8,yes
633,MINI Mini Cooper S Convertible,1.6,4,Auto-S6,2WD,Gasoline,small car,6.0,22.0,31.0,26.0,8,yes
634,MINI Mini Cooper S Convertible,1.6,4,Man-6,2WD,Gasoline,small car,6.0,24.0,31.0,27.0,8,yes
635,MITSUBISHI Eclipse,2.4,4,Auto-S4,2WD,Gasoline,small car,7.0,20.0,26.0,22.0,6,yes
636,MITSUBISHI Eclipse,2.4,4,Man-5,2WD,Gasoline,small car,7.0,20.0,28.0,23.0,7,yes
637,MITSUBISHI Eclipse,3.8,6,Man-6,2WD,Gasoline,small car,6.0,16.0,25.0,19.0,5,no
638,MITSUBISHI Eclipse,3.8,6,Auto-S5,2WD,Gasoline,small car,6.0,17.0,25.0,20.0,6,no
639,MITSUBISHI Eclipse Spyder,2.4,4,Auto-S4,2WD,Gasoline,small car,7.0,19.0,26.0,22.0,6,yes
640,MITSUBISHI Eclipse Spyder,2.4,4,Man-5,2WD,Gasoline,small car,7.0,19.0,26.0,22.0,6,yes
641,MITSUBISHI Eclipse Spyder,3.8,6,Auto-S5,2WD,Gasoline,small car,6.0,16.0,24.0,19.0,5,no
642,MITSUBISHI Eclipse Spyder,3.8,6,Man-6,2WD,Gasoline,small car,6.0,16.0,25.0,19.0,5,no
643,MITSUBISHI Endeavor,3.8,6,Auto-S4,2WD,Gasoline,SUV,6.0,15.0,22.0,18.0,5,no
644,MITSUBISHI Endeavor,3.8,6,Auto-S4,4WD,Gasoline,SUV,6.0,15.0,19.0,17.0,4,no
645,MITSUBISHI Galant,2.4,4,Auto-S4,2WD,Gasoline,midsize car,9.5,20.0,27.0,23.0,7,yes
646,MITSUBISHI Galant,3.8,6,Auto-S5,2WD,Gasoline,midsize car,6.0,17.0,25.0,20.0,6,no
647,MITSUBISHI Lancer,2.0,4,Man-5,2WD,Gasoline,small car,9.5,21.0,29.0,24.0,7,yes
648,MITSUBISHI Lancer,2.0,4,Auto-AV,2WD,Gasoline,small car,9.5,22.0,29.0,24.0,7,yes
649,MITSUBISHI Outlander,3.0,6,Auto-S6,2WD,Gasoline,SUV,9.5,17.0,25.0,20.0,6,yes
650,MITSUBISHI Outlander,3.0,6,Auto-S6,4WD,Gasoline,SUV,9.5,17.0,24.0,20.0,6,yes
651,MITSUBISHI Outlander,2.4,4,Auto-AV,2WD,Gasoline,SUV,6.0,20.0,25.0,22.0,6,no
652,MITSUBISHI Outlander,2.4,4,Auto-AV,4WD,Gasoline,SUV,6.0,20.0,25.0,22.0,6,no
653,MITSUBISHI Raider,3.7,6,Auto-L4,2WD,Gasoline,pickup,7.0,15.0,20.0,17.0,4,no
654,MITSUBISHI Raider,3.7,6,Auto-L4,4WD,Gasoline,pickup,7.0,14.0,18.0,15.0,3,no
655,MITSUBISHI Raider,4.7,8,Auto-L5,2WD,Gasoline,pickup,7.0,14.0,19.0,15.0,3,no
656,MITSUBISHI Raider,4.7,8,Auto-L5,4WD,Gasoline,pickup,7.0,14.0,19.0,15.0,3,no
657,MITSUBISHI Raider,3.7,6,Auto-L4,2WD,Gasoline,pickup,6.0,15.0,20.0,17.0,4,no
658,MITSUBISHI Raider,3.7,6,Man-6,2WD,Gasoline,pickup,6.0,16.0,20.0,18.0,5,no
659,MITSUBISHI Raider,3.7,6,Auto-L4,4WD,Gasoline,pickup,6.0,14.0,18.0,15.0,3,no
660,NISSAN 350Z,3.5,6,Auto-S5,2WD,Gasoline,small car,7.0,17.0,24.0,20.0,6,yes
661,NISSAN 350Z,3.5,6,Man-6,2WD,Gasoline,small car,7.0,18.0,25.0,20.0,6,yes
662,NISSAN 350Z Roadster,3.5,6,Auto-S5,2WD,Gasoline,small car,7.0,17.0,23.0,19.0,5,no
663,NISSAN 350Z Roadster,3.5,6,Man-6,2WD,Gasoline,small car,7.0,17.0,24.0,20.0,6,yes
664,NISSAN Altima,2.5,4,Auto-AV,2WD,Gasoline,midsize car,9.5,23.0,31.0,26.0,8,yes
665,NISSAN Altima,2.5,4,Man-6,2WD,Gasoline,midsize car,9.5,23.0,32.0,26.0,8,yes
666,NISSAN Altima,2.5,4,Auto-AV,2WD,Gasoline,small car,9.5,23.0,31.0,26.0,8,yes
667,NISSAN Altima,2.5,4,Man-6,2WD,Gasoline,small car,9.5,23.0,32.0,26.0,8,yes
668,NISSAN Altima,3.5,6,Auto-AV,2WD,Gasoline,midsize car,7.0,19.0,26.0,22.0,6,yes
669,NISSAN Altima,3.5,6,Man-6,2WD,Gasoline,midsize car,7.0,19.0,27.0,22.0,6,yes
670,NISSAN Altima,3.5,6,Auto-AV,2WD,Gasoline,small car,7.0,19.0,26.0,22.0,6,yes
671,NISSAN Altima,3.5,6,Man-6,2WD,Gasoline,small car,7.0,19.0,27.0,22.0,6,yes
672,NISSAN Altima,2.5,4,Auto-AV,2WD,Gasoline,midsize car,6.0,23.0,31.0,26.0,8,yes
673,NISSAN Altima,2.5,4,Man-6,2WD,Gasoline,midsize car,6.0,23.0,32.0,26.0,8,yes
674,NISSAN Altima,2.5,4,Auto-AV,2WD,Gasoline,small car,6.0,23.0,31.0,26.0,8,yes
675,NISSAN Altima,2.5,4,Man-6,2WD,Gasoline,small car,6.0,23.0,32.0,26.0,8,yes
676,NISSAN Altima Hybrid,2.5,4,Auto-AV,2WD,Gasoline,midsize car,9.5,35.0,33.0,34.0,9,yes
677,NISSAN Armada,5.6,8,Auto-L5,2WD,Gasoline,SUV,6.0,12.0,18.0,14.0,2,no
678,NISSAN Armada,5.6,8,Auto-L5,4WD,Gasoline,SUV,6.0,12.0,17.0,14.0,2,no
679,NISSAN Frontier,2.5,4,Auto-L5,2WD,Gasoline,pickup,7.0,17.0,22.0,19.0,5,no
680,NISSAN Frontier,2.5,4,Man-5,2WD,Gasoline,pickup,7.0,19.0,23.0,21.0,6,yes
681,NISSAN Frontier,4.0,6,Auto-L5,2WD,Gasoline,pickup,7.0,15.0,20.0,17.0,4,no
682,NISSAN Frontier,4.0,6,Man-6,2WD,Gasoline,pickup,7.0,16.0,20.0,17.0,4,no
683,NISSAN Frontier,4.0,6,Auto-L5,4WD,Gasoline,pickup,7.0,14.0,19.0,16.0,4,no
684,NISSAN Frontier,4.0,6,Man-6,4WD,Gasoline,pickup,7.0,15.0,19.0,17.0,4,no
685,NISSAN Maxima,3.5,6,Auto-AV,2WD,Gasoline,midsize car,7.0,19.0,25.0,21.0,6,yes
686,NISSAN Pathfinder,4.0,6,Auto-L5,2WD,Gasoline,SUV,7.0,15.0,22.0,17.0,4,no
687,NISSAN Pathfinder,4.0,6,Auto-L5,4WD,Gasoline,SUV,7.0,14.0,20.0,16.0,4,no
688,NISSAN Pathfinder,5.6,8,Auto-S5,2WD,Gasoline,SUV,6.0,13.0,18.0,15.0,3,no
689,NISSAN Pathfinder,5.6,8,Auto-S5,4WD,Gasoline,SUV,6.0,12.0,18.0,14.0,2,no
690,NISSAN Quest,3.5,6,Auto-L5,2WD,Gasoline,minivan,7.0,16.0,24.0,19.0,5,no
691,NISSAN Rogue,2.5,4,Auto-AV,2WD,Gasoline,SUV,9.0,22.0,27.0,24.0,7,yes
692,NISSAN Rogue,2.5,4,Auto-AV,4WD,Gasoline,SUV,9.0,21.0,26.0,23.0,7,yes
693,NISSAN Rogue,2.5,4,Auto-AV,2WD,Gasoline,SUV,6.0,22.0,27.0,24.0,7,yes
694,NISSAN Rogue,2.5,4,Auto-AV,4WD,Gasoline,SUV,6.0,21.0,26.0,23.0,7,yes
695,NISSAN Sentra,2.0,4,Man-6,2WD,Gasoline,midsize car,7.0,24.0,31.0,27.0,8,yes
696,NISSAN Sentra,2.0,4,Auto-AV,2WD,Gasoline,midsize car,7.0,25.0,33.0,28.0,8,yes
697,NISSAN Sentra,2.5,4,Man-6,2WD,Gasoline,midsize car,6.0,21.0,29.0,24.0,7,yes
698,NISSAN Sentra,2.5,4,Auto-AV,2WD,Gasoline,midsize car,6.0,24.0,30.0,26.0,8,yes
699,NISSAN Titan,5.6,8,Auto-L5,2WD,Gasoline,pickup,6.0,12.0,17.0,14.0,2,no
700,NISSAN Titan,5.6,8,Auto-L5,4WD,Gasoline,pickup,6.0,12.0,17.0,14.0,2,no
701,NISSAN Versa,1.8,4,Auto-L4,2WD,Gasoline,midsize car,7.0,24.0,32.0,27.0,8,yes
702,NISSAN Versa,1.8,4,Man-6,2WD,Gasoline,midsize car,7.0,26.0,31.0,28.0,8,yes
703,NISSAN Versa,1.8,4,Auto-AV,2WD,Gasoline,midsize car,7.0,27.0,33.0,29.0,8,yes
704,NISSAN Xterra,4.0,6,Auto-L5,2WD,Gasoline,SUV,7.0,15.0,20.0,17.0,4,no
705,NISSAN Xterra,4.0,6,Man-6,2WD,Gasoline,SUV,7.0,16.0,20.0,17.0,4,no
706,NISSAN Xterra,4.0,6,Auto-L5,4WD,Gasoline,SUV,7.0,14.0,20.0,16.0,4,no
707,NISSAN Xterra,4.0,6,Man-6,4WD,Gasoline,SUV,7.0,16.0,20.0,17.0,4,no
708,PONTIAC G5,2.2,4,Auto-L4,2WD,Gasoline,small car,9.5,22.0,31.0,26.0,8,yes
709,PONTIAC G5,2.2,4,Man-5,2WD,Gasoline,small car,9.5,24.0,33.0,27.0,8,yes
710,PONTIAC G5,2.2,4,Auto-L4,2WD,Gasoline,small car,6.0,22.0,31.0,26.0,8,yes
711,PONTIAC G5,2.2,4,Man-5,2WD,Gasoline,small car,6.0,24.0,33.0,27.0,8,yes
712,PONTIAC G5,2.4,4,Auto-L4,2WD,Gasoline,small car,6.0,22.0,31.0,25.0,7,yes
713,PONTIAC G5,2.4,4,Man-5,2WD,Gasoline,small car,6.0,22.0,32.0,26.0,8,yes
714,PONTIAC G6,3.5,6,Auto-S4,2WD,Gasoline,small car,7.0,17.0,26.0,20.0,6,yes
715,PONTIAC G6,3.5,6,Auto-L4,2WD,Gasoline,small car,7.0,18.0,29.0,22.0,6,yes
716,PONTIAC G6,2.4,4,Auto-L4,2WD,Gasoline,small car,6.0,22.0,30.0,25.0,7,yes
717,PONTIAC G6,3.5,6,Auto-S4,2WD,Gasoline,small car,6.0,17.0,26.0,20.0,6,no
718,PONTIAC G6,3.6,6,Auto-S6,2WD,Gasoline,small car,6.0,17.0,26.0,20.0,6,no
719,PONTIAC G6,3.9,6,Auto-S4,2WD,Gasoline,small car,6.0,15.0,22.0,18.0,5,no
720,PONTIAC G8,6.0,8,Auto-S6,2WD,Gasoline,large car,6.0,15.0,24.0,18.0,5,no
721,PONTIAC Grand Prix,3.8,6,Auto-L4,2WD,Gasoline,midsize car,9.5,18.0,28.0,21.0,6,yes
722,PONTIAC Grand Prix,5.3,8,Auto-S4,2WD,Gasoline,midsize car,6.0,16.0,25.0,19.0,5,no
723,PONTIAC Pursuit,2.2,4,Auto-L4,2WD,Gasoline,small car,9.5,22.0,31.0,26.0,8,yes
724,PONTIAC Pursuit,2.2,4,Man-5,2WD,Gasoline,small car,9.5,24.0,33.0,27.0,8,yes
725,PONTIAC Pursuit,2.2,4,Auto-L4,2WD,Gasoline,small car,6.0,22.0,31.0,26.0,8,yes
726,PONTIAC Pursuit,2.2,4,Man-5,2WD,Gasoline,small car,6.0,24.0,33.0,27.0,8,yes
727,PONTIAC Pursuit,2.4,4,Auto-L4,2WD,Gasoline,small car,6.0,22.0,31.0,25.0,7,yes
728,PONTIAC Pursuit,2.4,4,Man-5,2WD,Gasoline,small car,6.0,22.0,32.0,26.0,8,yes
729,PONTIAC Solstice,2.0,4,Auto-L5,2WD,Gasoline,small car,6.0,19.0,26.0,21.0,6,no
730,PONTIAC Solstice,2.0,4,Man-5,2WD,Gasoline,small car,6.0,19.0,28.0,22.0,6,no
731,PONTIAC Solstice,2.4,4,Auto-L5,2WD,Gasoline,small car,6.0,19.0,24.0,21.0,6,no
732,PONTIAC Solstice,2.4,4,Man-5,2WD,Gasoline,small car,6.0,19.0,25.0,21.0,6,no
733,PONTIAC Torrent,3.4,6,Auto-L5,2WD,Gasoline,SUV,7.0,17.0,24.0,19.0,5,no
734,PONTIAC Torrent,3.4,6,Auto-L5,4WD,Gasoline,SUV,7.0,17.0,24.0,19.0,5,no
735,PONTIAC Torrent,3.6,6,Auto-S6,2WD,Gasoline,SUV,6.0,16.0,24.0,19.0,5,no
736,PONTIAC Torrent,3.6,6,Auto-S6,4WD,Gasoline,SUV,6.0,16.0,24.0,19.0,5,no
737,PONTIAC Vibe,1.8,4,Auto-L4,2WD,Gasoline,station wagon,7.0,25.0,31.0,27.0,8,yes
738,PONTIAC Vibe,1.8,4,Man-5,2WD,Gasoline,station wagon,7.0,26.0,33.0,29.0,8,yes
739,PORSCHE 911 GT2,3.6,6,Man-6,2WD,Gasoline,small car,6.0,16.0,23.0,19.0,5,no
740,PORSCHE 911 GT3,3.6,6,Man-6,2WD,Gasoline,small car,6.0,15.0,22.0,18.0,5,no
741,PORSCHE 911 GT3 RS,3.6,6,Man-6,2WD,Gasoline,small car,6.0,15.0,22.0,18.0,5,no
742,PORSCHE 911 Turbo,3.6,6,Auto-L5,4WD,Gasoline,small car,6.0,15.0,23.0,18.0,5,no
743,PORSCHE 911 Turbo,3.6,6,Man-6,4WD,Gasoline,small car,6.0,16.0,23.0,18.0,5,no
744,PORSCHE 911 Turbo Cabriolet,3.6,6,Auto-L5,4WD,Gasoline,small car,6.0,15.0,23.0,18.0,5,no
745,PORSCHE 911 Turbo Cabriolet,3.6,6,Man-6,4WD,Gasoline,small car,6.0,15.0,24.0,18.0,5,no
746,PORSCHE Boxster,2.7,6,Auto-L5,2WD,Gasoline,small car,7.0,19.0,26.0,21.0,6,yes
747,PORSCHE Boxster,2.7,6,Man-6,2WD,Gasoline,small car,7.0,19.0,28.0,22.0,6,yes
748,PORSCHE Boxster,2.7,6,Man-5,2WD,Gasoline,small car,7.0,20.0,29.0,23.0,7,yes
749,PORSCHE Boxster S,3.4,6,Auto-L5,2WD,Gasoline,small car,7.0,18.0,25.0,21.0,6,yes
750,PORSCHE Boxster S,3.4,6,Man-6,2WD,Gasoline,small car,7.0,18.0,26.0,21.0,6,yes
751,PORSCHE Carrera Cabriolet,3.6,6,Auto-L5,4WD,Gasoline,small car,6.0,17.0,24.0,19.0,5,no
752,PORSCHE Carrera Cabriolet,3.6,6,Man-6,4WD,Gasoline,small car,6.0,17.0,25.0,20.0,6,no
753,PORSCHE Carrera Cabriolet,3.6,6,Auto-L5,2WD,Gasoline,small car,6.0,18.0,24.0,20.0,6,no
754,PORSCHE Carrera Cabriolet,3.6,6,Man-6,2WD,Gasoline,small car,6.0,18.0,26.0,21.0,6,no
755,PORSCHE Carrera Coupe,3.6,6,Auto-L5,4WD,Gasoline,small car,6.0,17.0,24.0,19.0,5,no
756,PORSCHE Carrera Coupe,3.6,6,Man-6,4WD,Gasoline,small car,6.0,17.0,25.0,20.0,6,no
757,PORSCHE Carrera Coupe,3.6,6,Auto-L5,2WD,Gasoline,small car,6.0,18.0,24.0,20.0,6,no
758,PORSCHE Carrera Coupe,3.6,6,Man-6,2WD,Gasoline,small car,6.0,18.0,26.0,21.0,6,no
759,PORSCHE Carrera Targa,3.6,6,Auto-L5,4WD,Gasoline,small car,6.0,17.0,24.0,19.0,5,no
760,PORSCHE Carrera Targa,3.6,6,Man-6,4WD,Gasoline,small car,6.0,17.0,25.0,20.0,6,no
761,PORSCHE Cayenne,3.6,6,Man-6,4WD,Gasoline,SUV,6.0,14.0,20.0,16.0,4,no
762,PORSCHE Cayenne,3.6,6,Auto-L6,4WD,Gasoline,SUV,6.0,14.0,20.0,16.0,4,no
763,PORSCHE Cayenne S,4.8,8,Auto-L6,4WD,Gasoline,SUV,7.0,13.0,19.0,15.0,3,no
764,PORSCHE Cayenne Turbo,4.8,8,Auto-L6,4WD,Gasoline,SUV,6.0,12.0,19.0,14.0,2,no
765,PORSCHE Cayman,2.7,6,Auto-L5,2WD,Gasoline,small car,7.0,19.0,26.0,21.0,6,yes
766,PORSCHE Cayman,2.7,6,Man-6,2WD,Gasoline,small car,7.0,19.0,28.0,22.0,6,yes
767,PORSCHE Cayman,2.7,6,Man-5,2WD,Gasoline,small car,7.0,20.0,29.0,23.0,7,yes
768,PORSCHE Cayman S,3.4,6,Auto-L5,2WD,Gasoline,small car,7.0,18.0,25.0,21.0,6,yes
769,PORSCHE Cayman S,3.4,6,Man-6,2WD,Gasoline,small car,7.0,18.0,26.0,21.0,6,yes
770,ROLLS-ROYCE Phantom,6.7,12,Auto-S6,2WD,Gasoline,midsize car,6.0,13.0,19.0,15.0,3,no
771,ROLLS-ROYCE Phantom,6.7,12,Auto-S6,2WD,Gasoline,small car,6.0,13.0,19.0,15.0,3,no
772,ROUSH Stage 3 F150,5.4,8,Auto-L4,2WD,Gasoline,pickup,7.0,11.0,15.0,13.0,1,no
773,ROUSH Stage 3 F150,5.4,8,Auto-L4,4WD,Gasoline,pickup,7.0,11.0,15.0,13.0,1,no
774,ROUSH Stage 3 Mustang,4.6,8,Auto-L5,2WD,Gasoline,small car,7.0,14.0,20.0,16.0,4,no
775,ROUSH Stage 3 Mustang,4.6,8,Man-5,2WD,Gasoline,small car,7.0,15.0,20.0,17.0,4,no
776,SAAB 9-3 Convertible,2.0,4,Auto-S5,2WD,Gasoline,small car,6.0,18.0,24.0,20.0,6,no
777,SAAB 9-3 Convertible,2.0,4,Man-6,2WD,Gasoline,small car,6.0,18.0,27.0,22.0,6,no
778,SAAB 9-3 Convertible,2.8,6,Auto-S6,2WD,Gasoline,small car,6.0,15.0,24.0,18.0,5,no
779,SAAB 9-3 Convertible,2.8,6,Man-6,2WD,Gasoline,small car,6.0,16.0,26.0,19.0,5,no
780,SAAB 9-3 Sport Sedan,2.0,4,Auto-S5,2WD,Gasoline,small car,6.0,19.0,26.0,21.0,6,no
781,SAAB 9-3 Sport Sedan,2.0,4,Man-6,2WD,Gasoline,small car,6.0,19.0,29.0,23.0,7,yes
782,SAAB 9-3 Sport Sedan,2.8,6,Auto-S6,2WD,Gasoline,small car,6.0,15.0,24.0,18.0,5,no
783,SAAB 9-3 Sport Sedan,2.8,6,Man-6,2WD,Gasoline,small car,6.0,16.0,26.0,19.0,5,no
784,SAAB 9-3 Sportcombi,2.0,4,Auto-S5,2WD,Gasoline,station wagon,6.0,18.0,24.0,20.0,6,no
785,SAAB 9-3 Sportcombi,2.0,4,Man-6,2WD,Gasoline,station wagon,6.0,19.0,29.0,23.0,7,yes
786,SAAB 9-3 Sportcombi,2.8,6,Auto-S6,2WD,Gasoline,station wagon,6.0,15.0,24.0,18.0,5,no
787,SAAB 9-3 Sportcombi,2.8,6,Man-6,2WD,Gasoline,station wagon,6.0,16.0,26.0,19.0,5,no
788,SAAB 9-5,2.3,4,Auto-S5,2WD,Gasoline,midsize car,6.0,17.0,26.0,20.0,6,no
789,SAAB 9-5,2.3,4,Man-5,2WD,Gasoline,midsize car,6.0,18.0,28.0,21.0,6,no
790,SAAB 9-5 Sportcombi,2.3,4,Auto-S5,2WD,Gasoline,station wagon,6.0,17.0,26.0,20.0,6,no
791,SAAB 9-5 Sportcombi,2.3,4,Man-5,2WD,Gasoline,station wagon,6.0,18.0,28.0,21.0,6,no
792,SAAB 9-7X,5.3,8,Auto-L4,4WD,Gasoline,SUV,6.0,13.0,19.0,16.0,4,no
793,SAAB 9-7X,6.0,8,Auto-L4,4WD,Gasoline,SUV,6.0,12.0,16.0,13.0,1,no
794,SALEEN S281,5.0,8,Man-6,2WD,Gasoline,small car,6.0,12.0,18.0,14.0,2,no
795,SATURN Aura,3.5,6,Auto-L4,2WD,Gasoline,midsize car,7.0,18.0,29.0,22.0,6,yes
796,SATURN Aura,2.4,4,Auto-L4,2WD,Gasoline,midsize car,6.0,22.0,30.0,25.0,7,yes
797,SATURN Aura,3.6,6,Auto-S6,2WD,Gasoline,midsize car,6.0,17.0,26.0,20.0,6,no
798,SATURN Aura Hybrid,2.4,4,Auto-L4,2WD,Gasoline,midsize car,6.0,24.0,32.0,27.0,8,yes
799,SATURN Outlook,3.6,6,Auto-L6,2WD,Gasoline,SUV,6.0,16.0,24.0,19.0,5,no
800,SATURN Outlook,3.6,6,Auto-L6,4WD,Gasoline,SUV,6.0,16.0,22.0,18.0,5,no
801,SATURN Sky,2.0,4,Auto-L5,2WD,Gasoline,small car,6.0,19.0,26.0,21.0,6,no
802,SATURN Sky,2.0,4,Man-5,2WD,Gasoline,small car,6.0,19.0,28.0,22.0,6,no
803,SATURN Sky,2.4,4,Auto-L5,2WD,Gasoline,small car,6.0,19.0,24.0,21.0,6,no
804,SATURN Sky,2.4,4,Man-5,2WD,Gasoline,small car,6.0,19.0,25.0,21.0,6,no
805,SATURN Vue,3.5,6,Auto-L6,4WD,Gasoline,SUV,6.0,15.0,22.0,17.0,4,no
806,SATURN Vue,3.6,6,Auto-L6,2WD,Gasoline,SUV,6.0,16.0,23.0,19.0,5,no
807,SATURN Vue,3.6,6,Auto-S6,2WD,Gasoline,SUV,6.0,16.0,24.0,19.0,5,no
808,SATURN Vue,3.6,6,Auto-L6,4WD,Gasoline,SUV,6.0,16.0,22.0,18.0,5,no
809,SATURN Vue,3.6,6,Auto-S6,4WD,Gasoline,SUV,6.0,16.0,22.0,18.0,5,no
810,SHELBY Mustang GT,4.6,8,Man-5,2WD,Gasoline,small car,6.0,15.0,22.0,17.0,4,no
811,SUBARU Forester,2.5,4,Auto-L4,4WD,Gasoline,SUV,9.5,20.0,26.0,22.0,6,yes
812,SUBARU Forester,2.5,4,Man-5,4WD,Gasoline,SUV,9.5,20.0,27.0,22.0,6,yes
813,SUBARU Forester,2.5,4,Auto-L4,4WD,Gasoline,SUV,6.0,18.0,23.0,20.0,6,no
814,SUBARU Forester,2.5,4,Man-5,4WD,Gasoline,SUV,6.0,19.0,25.0,21.0,6,no
815,SUBARU Forester,2.5,4,Auto-L4,4WD,Gasoline,SUV,6.0,20.0,26.0,22.0,6,no
816,SUBARU Forester,2.5,4,Man-5,4WD,Gasoline,SUV,6.0,20.0,27.0,22.0,6,no
817,SUBARU Impreza,2.5,4,Man-5,4WD,Gasoline,small car,6.0,19.0,25.0,21.0,6,no
818,SUBARU Impreza,2.5,4,Auto-S4,4WD,Gasoline,small car,6.0,20.0,25.0,22.0,6,no
819,SUBARU Impreza,2.5,4,Man-5,4WD,Gasoline,small car,6.0,20.0,27.0,22.0,6,no
820,SUBARU Impreza,2.5,4,Auto-S4,4WD,Gasoline,small car,6.0,20.0,27.0,22.0,6,no
821,SUBARU Impreza Wagon,2.5,4,Man-6,4WD,Gasoline,station wagon,6.0,17.0,23.0,19.0,5,no
822,SUBARU Impreza Wagon,2.5,4,Man-5,4WD,Gasoline,station wagon,6.0,19.0,25.0,21.0,6,no
823,SUBARU Impreza Wagon,2.5,4,Auto-S4,4WD,Gasoline,station wagon,6.0,20.0,25.0,22.0,6,no
824,SUBARU Impreza Wagon,2.5,4,Man-5,4WD,Gasoline,station wagon,6.0,20.0,27.0,22.0,6,no
825,SUBARU Impreza Wagon,2.5,4,Auto-S4,4WD,Gasoline,station wagon,6.0,20.0,27.0,22.0,6,no
826,SUBARU Legacy,2.5,4,Man-5,4WD,Gasoline,small car,9.5,20.0,27.0,22.0,6,yes
827,SUBARU Legacy,2.5,4,Auto-S4,4WD,Gasoline,small car,9.5,20.0,27.0,22.0,6,yes
828,SUBARU Legacy,2.5,4,Man-6,4WD,Gasoline,small car,6.0,17.0,24.0,20.0,6,no
829,SUBARU Legacy,2.5,4,Auto-S5,4WD,Gasoline,small car,6.0,18.0,24.0,20.0,6,no
830,SUBARU Legacy,2.5,4,Man-5,4WD,Gasoline,small car,6.0,19.0,25.0,21.0,6,no
831,SUBARU Legacy,2.5,4,Man-5,4WD,Gasoline,small car,6.0,20.0,27.0,22.0,6,no
832,SUBARU Legacy,2.5,4,Auto-S4,4WD,Gasoline,small car,6.0,20.0,27.0,22.0,6,no
833,SUBARU Legacy,3.0,6,Auto-S5,4WD,Gasoline,small car,6.0,17.0,24.0,20.0,6,no
834,SUBARU Outback Sport,2.5,4,Man-6,4WD,Gasoline,station wagon,6.0,17.0,23.0,19.0,5,no
835,SUBARU Outback Sport,2.5,4,Man-5,4WD,Gasoline,station wagon,6.0,19.0,25.0,21.0,6,no
836,SUBARU Outback Sport,2.5,4,Auto-S4,4WD,Gasoline,station wagon,6.0,20.0,25.0,22.0,6,no
837,SUBARU Outback Sport,2.5,4,Man-5,4WD,Gasoline,station wagon,6.0,20.0,27.0,22.0,6,no
838,SUBARU Outback Sport,2.5,4,Auto-S4,4WD,Gasoline,station wagon,6.0,20.0,27.0,22.0,6,no
839,SUBARU Outback Wagon,2.5,4,Man-5,4WD,Gasoline,SUV,9.5,19.0,26.0,22.0,6,yes
840,SUBARU Outback Wagon,2.5,4,Auto-S4,4WD,Gasoline,SUV,9.5,20.0,26.0,22.0,6,yes
841,SUBARU Outback Wagon,2.5,4,Auto-S5,4WD,Gasoline,SUV,6.0,18.0,24.0,20.0,6,no
842,SUBARU Outback Wagon,2.5,4,Man-5,4WD,Gasoline,SUV,6.0,18.0,24.0,20.0,6,no
843,SUBARU Outback Wagon,2.5,4,Man-5,4WD,Gasoline,SUV,6.0,19.0,26.0,22.0,6,no
844,SUBARU Outback Wagon,2.5,4,Auto-S4,4WD,Gasoline,SUV,6.0,20.0,26.0,22.0,6,no
845,SUBARU Outback Wagon,3.0,6,Auto-S5,4WD,Gasoline,SUV,6.0,17.0,24.0,20.0,6,no
846,SUBARU Tribeca,3.6,6,Auto-S5,4WD,Gasoline,SUV,6.0,16.0,21.0,18.0,5,no
847,SUZUKI Grand Vitara,2.7,6,Man-5,2WD,Gasoline,SUV,6.0,16.0,22.0,18.0,5,no
848,SUZUKI Grand Vitara,2.7,6,Auto-L5,2WD,Gasoline,SUV,6.0,17.0,22.0,19.0,5,no
849,SUZUKI Grand Vitara,2.7,6,Man-5,4WD,Gasoline,SUV,6.0,16.0,21.0,18.0,5,no
850,SUZUKI Grand Vitara,2.7,6,Auto-L5,4WD,Gasoline,SUV,6.0,17.0,21.0,19.0,5,no
851,SUZUKI SX4,2.0,4,Man-5,2WD,Gasoline,small car,6.0,22.0,30.0,25.0,7,yes
852,SUZUKI SX4,2.0,4,Auto-L4,2WD,Gasoline,small car,6.0,23.0,31.0,26.0,8,yes
853,SUZUKI SX4,2.0,4,Man-5,4WD,Gasoline,station wagon,6.0,21.0,28.0,24.0,7,yes
854,SUZUKI SX4,2.0,4,Auto-L4,4WD,Gasoline,station wagon,6.0,21.0,28.0,24.0,7,yes
855,SUZUKI SX4,2.0,4,Man-5,2WD,Gasoline,station wagon,6.0,22.0,30.0,25.0,7,yes
856,SUZUKI SX4,2.0,4,Auto-L4,2WD,Gasoline,station wagon,6.0,22.0,30.0,25.0,7,yes
857,TOYOTA 4Runner,4.7,8,Auto-L5,2WD,Gasoline,SUV,7.0,15.0,19.0,17.0,4,no
858,TOYOTA 4Runner,4.7,8,Auto-L5,4WD,Gasoline,SUV,7.0,14.0,17.0,15.0,3,no
859,TOYOTA 4Runner,4.0,6,Auto-L5,2WD,Gasoline,SUV,6.0,16.0,21.0,18.0,5,no
860,TOYOTA 4Runner,4.0,6,Auto-L5,4WD,Gasoline,SUV,6.0,16.0,20.0,17.0,4,no
861,TOYOTA Avalon,3.5,6,Auto-S6,2WD,Gasoline,large car,7.0,19.0,28.0,22.0,6,yes
862,TOYOTA Camry,2.4,4,Auto-L5,2WD,Gasoline,midsize car,9.5,21.0,31.0,25.0,7,yes
863,TOYOTA Camry,2.4,4,Man-5,2WD,Gasoline,midsize car,7.0,21.0,31.0,25.0,7,yes
864,TOYOTA Camry,2.4,4,Auto-L5,2WD,Gasoline,midsize car,7.0,21.0,31.0,25.0,7,yes
865,TOYOTA Camry,3.5,6,Auto-S6,2WD,Gasoline,midsize car,7.0,19.0,28.0,22.0,6,yes
866,TOYOTA Camry Hybrid,2.4,4,Auto-AV,2WD,Gasoline,midsize car,9.5,33.0,34.0,34.0,9,yes
867,TOYOTA Corolla,1.8,4,Auto-L4,2WD,Gasoline,small car,7.0,26.0,35.0,29.0,8,yes
868,TOYOTA Corolla,1.8,4,Man-5,2WD,Gasoline,small car,7.0,28.0,37.0,31.0,9,yes
869,TOYOTA FJ Cruiser,4.0,6,Auto-L5,2WD,Gasoline,SUV,6.0,16.0,20.0,18.0,5,no
870,TOYOTA FJ Cruiser,4.0,6,Man-6,4WD,Gasoline,SUV,6.0,15.0,18.0,16.0,4,no
871,TOYOTA FJ Cruiser,4.0,6,Auto-L5,4WD,Gasoline,SUV,6.0,16.0,20.0,17.0,4,no
872,TOYOTA Highlander,3.5,6,Auto-S5,2WD,Gasoline,SUV,7.0,18.0,24.0,20.0,6,yes
873,TOYOTA Highlander,3.5,6,Auto-S5,4WD,Gasoline,SUV,7.0,17.0,23.0,19.0,5,no
874,TOYOTA Highlander Hybrid,3.3,6,Auto-AV,4WD,Gasoline,SUV,9.0,27.0,25.0,26.0,8,yes
875,TOYOTA Land Cruiser,5.7,8,Auto-S6,4WD,Gasoline,SUV,7.0,13.0,18.0,15.0,3,no
876,TOYOTA Matrix,1.8,4,Auto-L4,2WD,Gasoline,station wagon,7.0,25.0,31.0,27.0,8,yes
877,TOYOTA Matrix,1.8,4,Man-5,2WD,Gasoline,station wagon,7.0,26.0,33.0,29.0,8,yes
878,TOYOTA Prius,1.5,4,Auto-AV,2WD,Gasoline,midsize car,9.5,48.0,45.0,46.0,10,yes
879,TOYOTA RAV4,2.4,4,Auto-L4,2WD,Gasoline,SUV,7.0,21.0,27.0,24.0,7,yes
880,TOYOTA RAV4,2.4,4,Auto-L4,4WD,Gasoline,SUV,7.0,20.0,25.0,22.0,6,yes
881,TOYOTA RAV4,3.5,6,Auto-L5,2WD,Gasoline,SUV,7.0,19.0,27.0,22.0,6,yes
882,TOYOTA RAV4,3.5,6,Auto-L5,4WD,Gasoline,SUV,7.0,19.0,26.0,21.0,6,yes
883,TOYOTA Scion TC,2.4,4,Man-5,2WD,Gasoline,small car,7.0,20.0,27.0,23.0,7,yes
884,TOYOTA Scion TC,2.4,4,Auto-L4,2WD,Gasoline,small car,7.0,21.0,29.0,24.0,7,yes
885,TOYOTA Scion XB,2.4,4,Auto-S4,2WD,Gasoline,station wagon,7.0,22.0,28.0,24.0,7,yes
886,TOYOTA Scion XB,2.4,4,Man-5,2WD,Gasoline,station wagon,7.0,22.0,28.0,24.0,7,yes
887,TOYOTA Scion XD,1.8,4,Auto-L4,2WD,Gasoline,small car,6.0,26.0,32.0,28.0,8,yes
888,TOYOTA Scion XD,1.8,4,Man-5,2WD,Gasoline,small car,6.0,27.0,33.0,29.0,8,yes
889,TOYOTA Sequoia,4.7,8,Auto-S5,2WD,Gasoline,SUV,7.0,14.0,17.0,15.0,3,no
890,TOYOTA Sequoia,4.7,8,Auto-S5,4WD,Gasoline,SUV,7.0,13.0,16.0,14.0,2,no
891,TOYOTA Sequoia,5.7,8,Auto-S6,2WD,Gasoline,SUV,7.0,14.0,19.0,15.0,3,no
892,TOYOTA Sequoia,5.7,8,Auto-S6,4WD,Gasoline,SUV,7.0,13.0,18.0,15.0,3,no
893,TOYOTA Sienna,3.5,6,Auto-L5,2WD,Gasoline,minivan,7.0,17.0,23.0,19.0,5,no
894,TOYOTA Sienna,3.5,6,Auto-L5,4WD,Gasoline,minivan,7.0,16.0,21.0,18.0,5,no
895,TOYOTA Solara,2.4,4,Man-5,2WD,Gasoline,small car,7.0,21.0,31.0,25.0,7,yes
896,TOYOTA Solara,2.4,4,Auto-S5,2WD,Gasoline,small car,7.0,22.0,31.0,25.0,7,yes
897,TOYOTA Solara,3.3,6,Auto-S5,2WD,Gasoline,small car,7.0,18.0,27.0,21.0,6,yes
898,TOYOTA Solara Convertible,3.3,6,Auto-S5,2WD,Gasoline,small car,7.0,18.0,26.0,21.0,6,yes
899,TOYOTA Tacoma,2.7,4,Auto-L4,2WD,Gasoline,pickup,6.0,19.0,25.0,21.0,6,no
900,TOYOTA Tacoma,2.7,4,Man-5,2WD,Gasoline,pickup,6.0,20.0,25.0,22.0,6,no
901,TOYOTA Tacoma,2.7,4,Man-5,4WD,Gasoline,pickup,6.0,17.0,22.0,19.0,5,no
902,TOYOTA Tacoma,4.0,6,Man-6,2WD,Gasoline,pickup,6.0,15.0,19.0,17.0,4,no
903,TOYOTA Tacoma,4.0,6,Auto-L5,2WD,Gasoline,pickup,6.0,16.0,20.0,18.0,5,no
904,TOYOTA Tacoma,4.0,6,Man-6,4WD,Gasoline,pickup,6.0,15.0,18.0,16.0,4,no
905,TOYOTA Tacoma,4.0,6,Auto-L5,4WD,Gasoline,pickup,6.0,16.0,20.0,18.0,5,no
906,TOYOTA Tundra,4.7,8,Auto-S5,2WD,Gasoline,pickup,7.0,14.0,17.0,15.0,3,no
907,TOYOTA Tundra,4.7,8,Auto-S5,4WD,Gasoline,pickup,7.0,13.0,16.0,15.0,3,no
908,TOYOTA Tundra,5.7,8,Auto-S6,2WD,Gasoline,pickup,7.0,14.0,18.0,16.0,4,no
909,TOYOTA Tundra,5.7,8,Auto-S6,4WD,Gasoline,pickup,7.0,13.0,17.0,14.0,2,no
910,TOYOTA Tundra,4.0,6,Auto-S5,2WD,Gasoline,pickup,6.0,15.0,19.0,17.0,4,no
911,TOYOTA Yaris,1.5,4,Auto-L4,2WD,Gasoline,small car,7.0,29.0,35.0,31.0,9,yes
912,TOYOTA Yaris,1.5,4,Man-5,2WD,Gasoline,small car,7.0,29.0,36.0,32.0,9,yes
913,VOLKSWAGEN Eos,2.0,4,Man-6,2WD,Gasoline,small car,7.0,21.0,29.0,24.0,7,yes
914,VOLKSWAGEN Eos,2.0,4,Auto-S6,2WD,Gasoline,small car,7.0,21.0,30.0,24.0,7,yes
915,VOLKSWAGEN Eos,3.2,6,Auto-S6,2WD,Gasoline,small car,6.0,19.0,26.0,22.0,6,no
916,VOLKSWAGEN GTI,2.0,4,Man-6,2WD,Gasoline,small car,7.0,21.0,29.0,24.0,7,yes
917,VOLKSWAGEN GTI,2.0,4,Auto-S6,2WD,Gasoline,small car,7.0,22.0,29.0,25.0,7,yes
918,VOLKSWAGEN Jetta,2.5,5,Man-5,2WD,Gasoline,small car,9.5,21.0,29.0,24.0,7,yes
919,VOLKSWAGEN Jetta,2.5,5,Auto-S6,2WD,Gasoline,small car,9.5,21.0,29.0,24.0,7,yes
920,VOLKSWAGEN Jetta,2.0,4,Man-6,2WD,Gasoline,small car,7.0,21.0,29.0,24.0,7,yes
921,VOLKSWAGEN Jetta,2.0,4,Auto-S6,2WD,Gasoline,small car,7.0,22.0,29.0,25.0,7,yes
922,VOLKSWAGEN Jetta,2.5,5,Man-5,2WD,Gasoline,small car,7.0,21.0,29.0,24.0,7,yes
923,VOLKSWAGEN Jetta,2.5,5,Auto-S6,2WD,Gasoline,small car,7.0,21.0,29.0,24.0,7,yes
924,VOLKSWAGEN Jetta Wagon,2.5,5,Man-5,2WD,Gasoline,station wagon,9.5,21.0,29.0,24.0,7,yes
925,VOLKSWAGEN Jetta Wagon,2.5,5,Auto-S6,2WD,Gasoline,station wagon,9.5,21.0,29.0,24.0,7,yes
926,VOLKSWAGEN Jetta Wagon,2.5,5,Man-5,2WD,Gasoline,station wagon,7.0,21.0,29.0,24.0,7,yes
927,VOLKSWAGEN Jetta Wagon,2.5,5,Auto-S6,2WD,Gasoline,station wagon,7.0,21.0,29.0,24.0,7,yes
928,VOLKSWAGEN New Beetle,2.5,5,Man-5,2WD,Gasoline,small car,9.5,20.0,28.0,23.0,7,yes
929,VOLKSWAGEN New Beetle,2.5,5,Auto-S6,2WD,Gasoline,small car,9.5,20.0,29.0,23.0,7,yes
930,VOLKSWAGEN New Beetle,2.5,5,Man-5,2WD,Gasoline,small car,7.0,20.0,28.0,23.0,7,yes
931,VOLKSWAGEN New Beetle,2.5,5,Auto-S6,2WD,Gasoline,small car,7.0,20.0,29.0,23.0,7,yes
932,VOLKSWAGEN New Beetle Convertible,2.5,5,Auto-S6,2WD,Gasoline,small car,9.5,20.0,28.0,23.0,7,yes
933,VOLKSWAGEN New Beetle Convertible,2.5,5,Man-5,2WD,Gasoline,small car,9.5,20.0,28.0,23.0,7,yes
934,VOLKSWAGEN New Beetle Convertible,2.5,5,Auto-S6,2WD,Gasoline,small car,7.0,20.0,28.0,23.0,7,yes
935,VOLKSWAGEN New Beetle Convertible,2.5,5,Man-5,2WD,Gasoline,small car,7.0,20.0,28.0,23.0,7,yes
936,VOLKSWAGEN Passat,2.0,4,Auto-S6,2WD,Gasoline,midsize car,7.0,19.0,28.0,22.0,6,yes
937,VOLKSWAGEN Passat,2.0,4,Man-6,2WD,Gasoline,midsize car,7.0,21.0,29.0,24.0,7,yes
938,VOLKSWAGEN Passat,3.6,6,Auto-S6,4WD,Gasoline,midsize car,6.0,16.0,24.0,19.0,5,no
939,VOLKSWAGEN Passat,3.6,6,Auto-S6,2WD,Gasoline,midsize car,6.0,17.0,26.0,20.0,6,no
940,VOLKSWAGEN Passat Wagon,2.0,4,Auto-S6,2WD,Gasoline,station wagon,7.0,20.0,28.0,23.0,7,yes
941,VOLKSWAGEN Passat Wagon,2.0,4,Man-6,2WD,Gasoline,station wagon,7.0,21.0,29.0,24.0,7,yes
942,VOLKSWAGEN Passat Wagon,3.6,6,Auto-S6,4WD,Gasoline,station wagon,6.0,16.0,24.0,19.0,5,no
943,VOLKSWAGEN R32,3.2,6,Auto-S6,4WD,Gasoline,small car,6.0,18.0,23.0,20.0,6,no
944,VOLKSWAGEN Rabbit,2.5,5,Auto-S6,2WD,Gasoline,small car,9.5,21.0,29.0,24.0,7,yes
945,VOLKSWAGEN Rabbit,2.5,5,Man-5,2WD,Gasoline,small car,9.5,22.0,29.0,24.0,7,yes
946,VOLKSWAGEN Rabbit,2.5,5,Auto-S6,2WD,Gasoline,small car,7.0,21.0,29.0,24.0,7,yes
947,VOLKSWAGEN Rabbit,2.5,5,Man-5,2WD,Gasoline,small car,7.0,22.0,29.0,24.0,7,yes
948,VOLKSWAGEN Touareg,3.6,6,Auto-S6,4WD,Gasoline,SUV,6.0,14.0,20.0,16.0,4,no
949,VOLKSWAGEN Touareg,4.2,8,Auto-S6,4WD,Gasoline,SUV,6.0,12.0,17.0,14.0,2,no
950,VOLVO C30,2.4,5,Auto-S5,2WD,Gasoline,small car,7.0,20.0,28.0,23.0,7,yes
951,VOLVO C30,2.4,5,Man-5,2WD,Gasoline,small car,7.0,20.0,28.0,23.0,7,yes
952,VOLVO C30,2.5,5,Auto-S5,2WD,Gasoline,small car,7.0,19.0,27.0,22.0,6,yes
953,VOLVO C30,2.5,5,Man-6,2WD,Gasoline,small car,7.0,19.0,28.0,23.0,7,yes
954,VOLVO C70 Convertible,2.5,5,Auto-S5,2WD,Gasoline,small car,7.0,18.0,26.0,21.0,6,yes
955,VOLVO C70 Convertible,2.5,5,Man-6,2WD,Gasoline,small car,7.0,18.0,27.0,21.0,6,yes
956,VOLVO S40,2.4,5,Auto-S5,2WD,Gasoline,small car,9.5,20.0,28.0,23.0,7,yes
957,VOLVO S40,2.4,5,Auto-S5,2WD,Gasoline,small car,7.0,20.0,28.0,23.0,7,yes
958,VOLVO S40,2.4,5,Man-5,2WD,Gasoline,small car,7.0,20.0,28.0,23.0,7,yes
959,VOLVO S40,2.5,5,Man-6,4WD,Gasoline,small car,7.0,17.0,25.0,20.0,6,yes
960,VOLVO S40,2.5,5,Auto-S5,4WD,Gasoline,small car,7.0,18.0,26.0,21.0,6,yes
961,VOLVO S40,2.5,5,Auto-S5,2WD,Gasoline,small car,7.0,19.0,27.0,22.0,6,yes
962,VOLVO S40,2.5,5,Man-6,2WD,Gasoline,small car,7.0,19.0,28.0,23.0,7,yes
963,VOLVO S60,2.5,5,Auto-L5,4WD,Gasoline,small car,7.0,17.0,26.0,21.0,6,yes
964,VOLVO S60,2.5,5,Auto-S5,4WD,Gasoline,small car,7.0,18.0,26.0,21.0,6,yes
965,VOLVO S60,2.5,5,Auto-L5,2WD,Gasoline,small car,7.0,19.0,27.0,22.0,6,yes
966,VOLVO S60,2.5,5,Auto-S5,2WD,Gasoline,small car,7.0,19.0,27.0,22.0,6,yes
967,VOLVO S60,2.4,5,Auto-S5,2WD,Gasoline,small car,6.0,18.0,26.0,21.0,6,no
968,VOLVO S60,2.4,5,Man-6,2WD,Gasoline,small car,6.0,18.0,26.0,21.0,6,no
969,VOLVO S80,3.0,6,Auto-S6,4WD,Gasoline,midsize car,7.0,15.0,23.0,18.0,5,no
970,VOLVO S80,3.2,6,Auto-S6,2WD,Gasoline,midsize car,7.0,16.0,24.0,19.0,5,no
971,VOLVO S80,3.2,6,Auto-S6,4WD,Gasoline,midsize car,7.0,16.0,24.0,19.0,5,no
972,VOLVO S80,4.4,8,Auto-S6,4WD,Gasoline,midsize car,7.0,15.0,23.0,18.0,5,no
973,VOLVO V50,2.4,5,Auto-S5,2WD,Gasoline,station wagon,9.5,20.0,28.0,23.0,7,yes
974,VOLVO V50,2.4,5,Auto-S5,2WD,Gasoline,station wagon,7.0,20.0,28.0,23.0,7,yes
975,VOLVO V50,2.4,5,Man-5,2WD,Gasoline,station wagon,7.0,20.0,28.0,23.0,7,yes
976,VOLVO V50,2.5,5,Man-6,4WD,Gasoline,station wagon,7.0,17.0,25.0,20.0,6,yes
977,VOLVO V50,2.5,5,Auto-S5,4WD,Gasoline,station wagon,7.0,18.0,26.0,21.0,6,yes
978,VOLVO V50,2.5,5,Auto-S5,2WD,Gasoline,station wagon,7.0,19.0,27.0,22.0,6,yes
979,VOLVO V50,2.5,5,Man-6,2WD,Gasoline,station wagon,7.0,19.0,28.0,23.0,7,yes
980,VOLVO V70,3.2,6,Auto-S6,2WD,Gasoline,station wagon,7.0,16.0,24.0,19.0,5,no
981,VOLVO XC 70,3.2,6,Auto-S6,4WD,Gasoline,SUV,7.0,15.0,22.0,17.0,4,no
982,VOLVO XC 90,3.2,6,Auto-S6,2WD,Gasoline,SUV,7.0,14.0,20.0,16.0,4,no
983,VOLVO XC 90,3.2,6,Auto-S6,4WD,Gasoline,SUV,7.0,14.0,20.0,16.0,4,no
984,VOLVO XC 90,4.4,8,Auto-S6,4WD,Gasoline,SUV,7.0,13.0,19.0,15.0,3,no
985,MERCEDES-BENZ C300,3.0,6,Auto-L7,2WD,ethanol,small car,6.0,13.0,19.0,15.0,7,no
986,MERCEDES-BENZ C300,3.0,6,Auto-L7,2WD,gas,small car,4.0,18.0,25.0,21.0,6,no
